Data,Abertura
04.12.2020,29945
03.12.2020,29886
02.12.2020,29765
01.12.2020,29680
30.11.2020,29914
27.11.2020,29862
26.11.2020,29847
25.11.2020,30029
24.11.2020,29560
23.11.2020,29133
20.11.2020,29270
19.11.2020,29370
18.11.2020,29693
17.11.2020,29892
16.11.2020,29435
13.11.2020,29060
12.11.2020,29366
11.11.2020,29360
10.11.2020,29092
09.11.2020,28386
06.11.2020,28319
05.11.2020,27832
04.11.2020,27401
03.11.2020,26852
02.11.2020,26372
30.10.2020,26303
29.10.2020,26482
28.10.2020,27241
27.10.2020,27581
26.10.2020,28150
23.10.2020,28313
22.10.2020,28130
21.10.2020,28187
20.10.2020,28182
19.10.2020,28496
16.10.2020,28417
15.10.2020,28405
14.10.2020,28577
13.10.2020,28807
12.10.2020,28518
09.10.2020,28378
08.10.2020,28179
07.10.2020,27568
06.10.2020,28010
05.10.2020,27740
02.10.2020,27680
01.10.2020,27606
30.09.2020,27354
29.09.2020,27498
28.09.2020,27060
25.09.2020,26772
24.09.2020,26690
23.09.2020,27219
22.09.2020,27000
21.09.2020,27568
18.09.2020,27900
17.09.2020,28069
16.09.2020,28037
15.09.2020,27978
14.09.2020,27706
11.09.2020,27564
10.09.2020,27944
09.09.2020,27376
08.09.2020,28136
07.09.2020,28064
06.09.2020,28063.5
04.09.2020,28301
03.09.2020,29076
02.09.2020,28637
01.09.2020,28379
31.08.2020,28679
28.08.2020,28515
27.08.2020,28312
26.08.2020,28215
25.08.2020,28244
24.08.2020,27900
21.08.2020,27676
20.08.2020,27645
19.08.2020,27744
18.08.2020,27779
17.08.2020,27840
14.08.2020,27828
13.08.2020,27858
12.08.2020,27700
11.08.2020,27690
10.08.2020,27364
07.08.2020,27292
06.08.2020,27067
05.08.2020,26749
04.08.2020,26561
03.08.2020,26400
31.07.2020,26414
30.07.2020,26454
29.07.2020,26295
28.07.2020,26512
27.07.2020,26275
24.07.2020,26548
23.07.2020,26885
22.07.2020,26727
21.07.2020,26625
20.07.2020,26541
17.07.2020,26565
16.07.2020,26814
15.07.2020,26644
14.07.2020,25986
13.07.2020,26025
10.07.2020,25589
09.07.2020,25995
08.07.2020,25770
07.07.2020,26167
06.07.2020,25689
03.07.2020,25735.5
02.07.2020,25549
01.07.2020,25653
30.06.2020,25479
29.06.2020,24777
26.06.2020,25540
25.06.2020,25379
24.06.2020,25986
23.06.2020,25955
22.06.2020,25370
19.06.2020,26059
18.06.2020,26141
17.06.2020,26249
16.06.2020,25834
15.06.2020,25176
12.06.2020,25200
11.06.2020,26954
10.06.2020,27257
09.06.2020,27562
08.06.2020,27124
05.06.2020,26283
04.06.2020,26265
03.06.2020,25701
02.06.2020,25458
01.06.2020,25231
29.05.2020,25448
28.05.2020,25543
27.05.2020,25007
26.05.2020,24411
25.05.2020,24547
24.05.2020,24442.5
22.05.2020,24377
21.05.2020,24545
20.05.2020,24125
19.05.2020,24479
18.05.2020,23600
15.05.2020,23526
14.05.2020,23232
13.05.2020,23494
12.05.2020,24105
11.05.2020,24228
08.05.2020,23855
07.05.2020,23493
06.05.2020,23762
05.05.2020,23587
04.05.2020,23364
01.05.2020,24052
30.04.2020,24676
29.04.2020,24036
28.04.2020,24015
27.04.2020,23647
24.04.2020,23332
23.04.2020,23375
22.04.2020,22976
21.04.2020,23457
20.04.2020,24088
17.04.2020,24072
16.04.2020,23332
15.04.2020,23911
14.04.2020,23320
13.04.2020,23839
10.04.2020,23676
09.04.2020,23298
08.04.2020,22479
07.04.2020,22496
06.04.2020,20944
03.04.2020,21272
02.04.2020,20819
01.04.2020,21702
31.03.2020,22186
30.03.2020,20926
27.03.2020,22520
26.03.2020,21058
25.03.2020,20679
24.03.2020,18584
23.03.2020,18504
20.03.2020,19712
19.03.2020,19996
18.03.2020,20791
17.03.2020,20381
16.03.2020,22867
13.03.2020,20769
12.03.2020,23565
11.03.2020,24838
10.03.2020,23727
09.03.2020,25356
06.03.2020,26143
05.03.2020,26921
04.03.2020,25809
03.03.2020,26562
02.03.2020,25196
28.02.2020,25522
27.02.2020,26820
26.02.2020,27124
25.02.2020,27927
24.02.2020,28745
21.02.2020,29154
20.02.2020,29366
19.02.2020,29240
18.02.2020,29384
17.02.2020,29441
16.02.2020,29379.5
14.02.2020,29446
13.02.2020,29529
12.02.2020,29261
11.02.2020,29237
10.02.2020,29021
07.02.2020,29357
06.02.2020,29248
05.02.2020,28776
04.02.2020,28366
03.02.2020,28159
31.01.2020,28838
30.01.2020,28718
29.01.2020,28736
28.01.2020,28479
27.01.2020,28720
24.01.2020,29129
23.01.2020,29112
22.01.2020,29177
21.01.2020,29280
20.01.2020,29307.5
19.01.2020,29272
17.01.2020,29245
16.01.2020,29034
15.01.2020,28934
14.01.2020,28874
13.01.2020,28775
10.01.2020,28930
09.01.2020,28772
08.01.2020,28502
07.01.2020,28636
06.01.2020,28494
03.01.2020,28844
02.01.2020,28553
01.01.2020,28548
31.12.2019,28427
30.12.2019,28618
27.12.2019,28603
26.12.2019,28518
25.12.2019,28508
24.12.2019,28560
23.12.2019,28491
20.12.2019,28390
19.12.2019,28275
18.12.2019,28257
17.12.2019,28235
16.12.2019,28192
13.12.2019,28181
12.12.2019,27933
11.12.2019,27924
10.12.2019,27901
09.12.2019,28020
06.12.2019,27688
05.12.2019,27644
04.12.2019,27478
03.12.2019,27788
02.12.2019,28082
29.11.2019,28150
28.11.2019,28075.5
27.11.2019,28122
26.11.2019,28025
25.11.2019,27927
22.11.2019,27754
21.11.2019,27726
20.11.2019,27884
19.11.2019,28013
18.11.2019,27960
15.11.2019,27750
14.11.2019,27772
13.11.2019,27661
12.11.2019,27658
11.11.2019,27645
08.11.2019,27672
07.11.2019,27454
06.11.2019,27420
05.11.2019,27402
04.11.2019,27278
01.11.2019,26992
31.10.2019,27172
30.10.2019,27053
29.10.2019,27062
28.10.2019,26931
25.10.2019,26776
24.10.2019,26819
23.10.2019,26752
22.10.2019,26798
21.10.2019,26725
18.10.2019,26995
17.10.2019,26933
16.10.2019,27000
15.10.2019,26751
14.10.2019,26761
11.10.2019,26544
10.10.2019,26322
09.10.2019,26139
08.10.2019,26418
07.10.2019,26372
04.10.2019,26160
03.10.2019,26003
02.10.2019,26553
01.10.2019,26961
30.09.2019,26898
27.09.2019,26896
26.09.2019,26962
25.09.2019,26833
24.09.2019,27006
23.09.2019,26923
20.09.2019,27091
19.09.2019,27169
18.09.2019,27124
17.09.2019,27114
16.09.2019,27121
13.09.2019,27194
12.09.2019,27158
11.09.2019,26901
10.09.2019,26853
09.09.2019,26807
06.09.2019,26688
05.09.2019,26372
04.09.2019,26102
03.09.2019,26243
02.09.2019,26278.5
01.09.2019,26206
30.08.2019,26366
29.08.2019,25992
28.08.2019,25756
27.08.2019,25924
26.08.2019,25462
23.08.2019,26225
22.08.2019,26244
21.08.2019,25883
20.08.2019,26102
19.08.2019,25912
16.08.2019,25585
15.08.2019,25373
14.08.2019,26302
13.08.2019,25872
12.08.2019,26263
09.08.2019,26286
08.08.2019,25935
07.08.2019,25897
06.08.2019,25458
05.08.2019,26431
02.08.2019,26517
01.08.2019,26750
31.07.2019,27208
30.07.2019,27218
29.07.2019,27143
26.07.2019,27084
25.07.2019,27250
24.07.2019,27306
23.07.2019,27174
22.07.2019,27106
19.07.2019,27305
18.07.2019,27164
17.07.2019,27318
16.07.2019,27346
15.07.2019,27303
12.07.2019,27072
11.07.2019,26859
10.07.2019,26782
09.07.2019,26794
08.07.2019,26890
05.07.2019,26973
04.07.2019,26962.5
03.07.2019,26798
02.07.2019,26695
01.07.2019,26816
28.06.2019,26563
27.06.2019,26521
26.06.2019,26567
25.06.2019,26758
24.06.2019,26674
21.06.2019,26761
20.06.2019,26520
19.06.2019,26473
18.06.2019,26150
17.06.2019,26117
14.06.2019,26129
13.06.2019,26020
12.06.2019,26064
11.06.2019,26100
10.06.2019,26150
07.06.2019,25701
06.06.2019,25530
05.06.2019,25349
04.06.2019,24917
03.06.2019,24743
31.05.2019,25178
30.05.2019,25106
29.05.2019,25355
28.05.2019,25609
27.05.2019,25624.5
26.05.2019,25611.5
24.05.2019,25494
23.05.2019,25779
22.05.2019,25860
21.05.2019,25719
20.05.2019,25776
17.05.2019,25879
16.05.2019,25670
15.05.2019,25569
14.05.2019,25278
13.05.2019,25764
10.05.2019,25796
09.05.2019,25983
08.05.2019,25947
07.05.2019,26220
06.05.2019,26284
03.05.2019,26273
02.05.2019,26339
01.05.2019,26646
30.04.2019,26562
29.04.2019,26500
26.04.2019,26415
25.04.2019,26536
24.04.2019,26651
23.04.2019,26521
22.04.2019,26565
19.04.2019,26567
18.04.2019,26434
17.04.2019,26430
16.04.2019,26390
15.04.2019,26406
12.04.2019,26153
11.04.2019,26189
10.04.2019,26144
09.04.2019,26345
08.04.2019,26389
05.04.2019,26388
04.04.2019,26292
03.04.2019,26146
02.04.2019,26235
01.04.2019,25976
29.03.2019,25730
28.03.2019,25622
27.03.2019,25676
26.03.2019,25596
25.03.2019,25573
22.03.2019,25982
21.03.2019,25702
20.03.2019,25913
19.03.2019,25967
18.03.2019,25862
15.03.2019,25700
14.03.2019,25761
13.03.2019,25580
12.03.2019,25666
11.03.2019,25465
08.03.2019,25449
07.03.2019,25668
06.03.2019,25790
05.03.2019,25809
04.03.2019,26107
01.03.2019,25923
28.02.2019,26028
27.02.2019,26009
26.02.2019,26096
25.02.2019,26074
22.02.2019,25833
21.02.2019,25964
20.02.2019,25880
19.02.2019,25886
18.02.2019,25907
17.02.2019,25890
15.02.2019,25407
14.02.2019,25496
13.02.2019,25396
12.02.2019,25012
11.02.2019,25089
08.02.2019,25118
07.02.2019,25311
06.02.2019,25325
05.02.2019,25170
04.02.2019,24939
01.02.2019,25015
31.01.2019,24931
30.01.2019,24635
29.01.2019,24458
28.01.2019,24665
25.01.2019,24476
24.01.2019,24512
23.01.2019,24390
22.01.2019,24690
21.01.2019,24650.5
20.01.2019,24743.5
18.01.2019,24336
17.01.2019,24160
16.01.2019,23981
15.01.2019,23867
14.01.2019,23919
11.01.2019,23958
10.01.2019,23826
09.01.2019,23724
08.01.2019,23530
07.01.2019,23470
04.01.2019,22708
03.01.2019,23065
02.01.2019,23320
01.01.2019,23329.5
31.12.2018,23134
28.12.2018,23118
27.12.2018,22875
26.12.2018,21730
25.12.2018,21621
24.12.2018,22379
21.12.2018,23032
20.12.2018,23316
19.12.2018,23536
18.12.2018,23685
17.12.2018,24003
14.12.2018,24586
13.12.2018,24574
12.12.2018,24352
11.12.2018,24475
10.12.2018,24313
07.12.2018,24918
06.12.2018,25133
05.12.2018,25023
04.12.2018,25840
03.12.2018,25813
30.11.2018,25378
29.11.2018,25325
28.11.2018,24772
27.11.2018,24504
26.11.2018,24275
23.11.2018,24478
22.11.2018,24491
21.11.2018,24434
20.11.2018,25026
19.11.2018,25385
16.11.2018,25311
15.11.2018,25073
14.11.2018,25368
13.11.2018,25405
12.11.2018,25975
09.11.2018,26183
08.11.2018,26182
07.11.2018,25621
06.11.2018,25442
05.11.2018,25220
02.11.2018,25208
01.11.2018,25047
31.10.2018,24882
30.10.2018,24368
29.10.2018,24715
26.10.2018,24804
25.10.2018,24724
24.10.2018,25240
23.10.2018,25297
22.10.2018,25369
19.10.2018,25383
18.10.2018,25704
17.10.2018,25725
16.10.2018,25166
15.10.2018,25344
12.10.2018,25209
11.10.2018,25456
10.10.2018,26472
09.10.2018,26531
08.10.2018,26520
05.10.2018,26671
04.10.2018,26832
03.10.2018,26813
02.10.2018,26685
01.10.2018,26524
28.09.2018,26498
27.09.2018,26417
26.09.2018,26524
25.09.2018,26621
24.09.2018,26709
21.09.2018,26689
20.09.2018,26448
19.09.2018,26290
18.09.2018,26068
17.09.2018,26159
14.09.2018,26161
13.09.2018,26004
12.09.2018,26008
11.09.2018,25897
10.09.2018,25940
07.09.2018,26003
06.09.2018,25990
05.09.2018,26000
04.09.2018,26021
03.09.2018,26011
02.09.2018,26015
31.08.2018,25974
30.08.2018,26155
29.08.2018,26092
28.08.2018,26079
27.08.2018,25809
24.08.2018,25682
23.08.2018,25731
22.08.2018,25733
21.08.2018,25754
20.08.2018,25703
17.08.2018,25578
16.08.2018,25209
15.08.2018,25318
14.08.2018,25224
13.08.2018,25333
10.08.2018,25478
09.08.2018,25505
08.08.2018,25620
07.08.2018,25473
06.08.2018,25424
03.08.2018,25327
02.08.2018,25313
01.08.2018,25472
31.07.2018,25304
30.07.2018,25422
27.07.2018,25505
26.07.2018,25437
25.07.2018,25216
24.07.2018,25027
23.07.2018,25088
20.07.2018,25057
19.07.2018,25164
18.07.2018,25118
17.07.2018,25056
16.07.2018,25025
13.07.2018,24903
12.07.2018,24710
11.07.2018,24752
10.07.2018,24780
09.07.2018,24457
06.07.2018,24319
05.07.2018,24160
04.07.2018,24165
03.07.2018,24298
02.07.2018,24274
29.06.2018,24247
28.06.2018,24144
27.06.2018,24279
26.06.2018,24283
25.06.2018,24599
22.06.2018,24457
21.06.2018,24673
20.06.2018,24715
19.06.2018,25001
18.06.2018,25074
15.06.2018,25201
14.06.2018,25180
13.06.2018,25326
12.06.2018,25317
11.06.2018,25275
08.06.2018,25257
07.06.2018,25148
06.06.2018,24828
05.06.2018,24808
04.06.2018,24619
01.06.2018,24440
31.05.2018,24636
30.05.2018,24398
29.05.2018,24825
28.05.2018,24828
27.05.2018,24837
25.05.2018,24804
24.05.2018,24849
23.05.2018,24836
22.05.2018,24997
21.05.2018,24854
18.05.2018,24704
17.05.2018,24741
16.05.2018,24676
15.05.2018,24868
14.05.2018,24811
11.05.2018,24677
10.05.2018,24509
09.05.2018,24293
08.05.2018,24284
07.05.2018,24226
04.05.2018,23904
03.05.2018,23820
02.05.2018,24092
01.05.2018,24106
30.04.2018,24279
27.04.2018,24311
26.04.2018,24116
25.04.2018,23998
24.04.2018,24431
23.04.2018,24542
20.04.2018,24633
19.04.2018,24742
18.04.2018,24699
17.04.2018,24560
16.04.2018,24444
13.04.2018,24453
12.04.2018,24176
11.04.2018,24360
10.04.2018,24004
09.04.2018,23948
06.04.2018,24483
05.04.2018,24250
04.04.2018,23981
03.04.2018,23609
02.04.2018,24097
29.03.2018,23889
28.03.2018,23854
27.03.2018,24201
26.03.2018,23609
23.03.2018,23999
22.03.2018,24732
21.03.2018,24769
20.03.2018,24671
19.03.2018,24976
16.03.2018,24921
15.03.2018,24784
14.03.2018,24985
13.03.2018,25196
12.03.2018,25335
09.03.2018,24879
08.03.2018,24784
07.03.2018,24659
06.03.2018,24885
05.03.2018,24483
02.03.2018,24616
01.03.2018,25090
28.02.2018,25411
27.02.2018,25758
26.02.2018,25328
23.02.2018,25019
22.02.2018,24783
21.02.2018,24951
20.02.2018,25228
19.02.2018,25275
18.02.2018,25237
16.02.2018,25230
15.02.2018,24859
14.02.2018,24629
13.02.2018,24573
12.02.2018,24251
09.02.2018,23969
08.02.2018,24716
07.02.2018,24742
06.02.2018,24087
05.02.2018,25431
02.02.2018,26172
01.02.2018,26162
31.01.2018,26045
30.01.2018,26417
29.01.2018,26584
26.01.2018,26381
25.01.2018,26265
24.01.2018,26185
23.01.2018,26201
22.01.2018,25981
19.01.2018,25944
18.01.2018,26084
17.01.2018,25828
16.01.2018,25813
15.01.2018,25896
14.01.2018,25813
12.01.2018,25539
11.01.2018,25351
10.01.2018,25354
09.01.2018,25246
08.01.2018,25272
05.01.2018,25067
04.01.2018,24884
03.01.2018,24796
02.01.2018,24735
01.01.2018,24735
29.12.2017,24808
28.12.2017,24791
27.12.2017,24792
26.12.2017,24779
25.12.2017,24776
22.12.2017,24793
21.12.2017,24736
20.12.2017,24772
19.12.2017,24825
18.12.2017,24703
15.12.2017,24557.5
14.12.2017,24630
13.12.2017,24525
12.12.2017,24428
11.12.2017,24325
08.12.2017,24234
07.12.2017,24167
06.12.2017,24177
05.12.2017,24294
04.12.2017,24346
01.12.2017,24235
30.11.2017,23918
29.11.2017,23804
28.11.2017,23563
27.11.2017,23515
24.11.2017,23485
23.11.2017,23491
22.11.2017,23550
21.11.2017,23398
20.11.2017,23318
17.11.2017,23416
16.11.2017,23260
15.11.2017,23366
14.11.2017,23398
13.11.2017,23397
10.11.2017,23403
09.11.2017,23491
08.11.2017,23461
07.11.2017,23501
06.11.2017,23444
03.11.2017,23455
02.11.2017,23359
01.11.2017,23334
31.10.2017,23290
30.10.2017,23361
27.10.2017,23356
26.10.2017,23311
25.10.2017,23389
24.10.2017,23220
23.10.2017,23272
20.10.2017,23115
19.10.2017,23113
18.10.2017,22964
17.10.2017,22895
16.10.2017,22825
13.10.2017,22786
12.10.2017,22813
11.10.2017,22780
10.10.2017,22707
09.10.2017,22676
06.10.2017,22730
05.10.2017,22597
04.10.2017,22610
03.10.2017,22512
02.10.2017,22355
29.09.2017,22319
28.09.2017,22288
27.09.2017,22250
26.09.2017,22283
25.09.2017,22300
22.09.2017,22326
21.09.2017,22372
20.09.2017,22344
19.09.2017,22299
18.09.2017,22227
15.09.2017,22134
14.09.2017,22155
13.09.2017,22130
12.09.2017,22066
11.09.2017,21848
08.09.2017,21800
07.09.2017,21800
06.09.2017,21781
05.09.2017,21885
04.09.2017,21918.5
03.09.2017,21883
01.09.2017,21976
31.08.2017,21886
30.08.2017,21872
29.08.2017,21751
28.08.2017,21802
25.08.2017,21798
24.08.2017,21793
23.08.2017,21886
22.08.2017,21699
21.08.2017,21689
18.08.2017,21716
17.08.2017,22015
16.08.2017,21988
15.08.2017,21957
14.08.2017,21851
11.08.2017,21817
10.08.2017,22029
09.08.2017,22023
08.08.2017,22066
07.08.2017,22022
04.08.2017,21981
03.08.2017,21972
02.08.2017,21932
01.08.2017,21857
31.07.2017,21775
28.07.2017,21740
27.07.2017,21636
26.07.2017,21563
25.07.2017,21495
24.07.2017,21515
21.07.2017,21579
20.07.2017,21581
19.07.2017,21518
18.07.2017,21589
17.07.2017,21596
14.07.2017,21515
13.07.2017,21483
12.07.2017,21381
11.07.2017,21352
10.07.2017,21359
07.07.2017,21279
06.07.2017,21420
05.07.2017,21420
04.07.2017,21460.5
03.07.2017,21306
30.06.2017,21264
29.06.2017,21427
28.06.2017,21268
27.06.2017,21365
26.06.2017,21320
23.06.2017,21350
22.06.2017,21362
21.06.2017,21422
20.06.2017,21471
19.06.2017,21367
16.06.2017,21363
15.06.2017,21363
14.06.2017,21322
13.06.2017,21225
12.06.2017,21251
09.06.2017,21139
08.06.2017,21166
07.06.2017,21145
06.06.2017,21177
05.06.2017,21185
02.06.2017,21136
01.06.2017,21031
31.05.2017,21020
30.05.2017,21070
29.05.2017,21077.5
28.05.2017,21073
26.05.2017,21055
25.05.2017,20997
24.05.2017,20907
23.05.2017,20888
22.05.2017,20788
19.05.2017,20640
18.05.2017,20566
17.05.2017,20936
16.05.2017,20940
15.05.2017,20856
12.05.2017,20873
11.05.2017,20887
10.05.2017,20891
09.05.2017,20943
08.05.2017,21001
05.05.2017,20876
04.05.2017,20872
03.05.2017,20856
02.05.2017,20871
01.05.2017,20894
28.04.2017,20896
27.04.2017,20900
26.04.2017,20930
25.04.2017,20696
24.04.2017,20599
21.04.2017,20530
20.04.2017,20335
19.04.2017,20424
18.04.2017,20562
17.04.2017,20380
13.04.2017,20498
12.04.2017,20596
11.04.2017,20606
10.04.2017,20609
07.04.2017,20620
06.04.2017,20571
05.04.2017,20658
04.04.2017,20580
03.04.2017,20599
31.03.2017,20666
30.03.2017,20597
29.03.2017,20635
28.03.2017,20525
27.03.2017,20527
24.03.2017,20599
23.03.2017,20589
22.03.2017,20600
21.03.2017,20855
20.03.2017,20851
17.03.2017,20938
16.03.2017,20930
15.03.2017,20858
14.03.2017,20884
13.03.2017,20886
10.03.2017,20876
09.03.2017,20859
08.03.2017,20910
07.03.2017,20925
06.03.2017,20975
03.03.2017,20984
02.03.2017,21074
01.03.2017,20836
28.02.2017,20808
27.02.2017,20777
24.02.2017,20784
23.02.2017,20762
22.02.2017,20693
21.02.2017,20583
20.02.2017,20579
19.02.2017,20578.5
17.02.2017,20594
16.02.2017,20617
15.02.2017,20482
14.02.2017,20382
13.02.2017,20233
10.02.2017,20133
09.02.2017,20010
08.02.2017,20006
07.02.2017,19966
06.02.2017,19992
03.02.2017,19818
02.02.2017,19826
01.02.2017,19814
31.01.2017,19883
30.01.2017,19969
27.01.2017,20051
26.01.2017,20003
25.01.2017,19851
24.01.2017,19725
23.01.2017,19746
20.01.2017,19652
19.01.2017,19728
18.01.2017,19746
17.01.2017,19828
16.01.2017,19803
15.01.2017,19821
13.01.2017,19807
12.01.2017,19880
11.01.2017,19798
10.01.2017,19826
09.01.2017,19887
06.01.2017,19821
05.01.2017,19865
04.01.2017,19798
03.01.2017,19757
02.01.2017,19772.5
30.12.2016,19770
29.12.2016,19779
28.12.2016,19880
27.12.2016,19863
26.12.2016,19867
23.12.2016,19867
22.12.2016,19875
21.12.2016,19916
20.12.2016,19838
19.12.2016,19800
16.12.2016,19881
15.12.2016,19823
14.12.2016,19912
13.12.2016,19789
12.12.2016,19773
09.12.2016,19615
08.12.2016,19522
07.12.2016,19237
06.12.2016,19214
05.12.2016,19110
02.12.2016,19189
01.12.2016,19143
30.11.2016,19119
29.11.2016,19087
28.11.2016,19125
25.11.2016,19065
24.11.2016,19047
23.11.2016,19000
22.11.2016,18919
21.11.2016,18852
18.11.2016,18870
17.11.2016,18833
16.11.2016,18874
15.11.2016,18821
14.11.2016,18806
11.11.2016,18765
10.11.2016,18533
09.11.2016,18304
08.11.2016,18188
07.11.2016,18000
04.11.2016,17844
03.11.2016,17862
02.11.2016,17935
01.11.2016,18080
31.10.2016,18065
28.10.2016,18096
27.10.2016,18127
26.10.2016,18073
25.10.2016,18138
24.10.2016,18080
21.10.2016,18095
20.10.2016,18127
19.10.2016,18059
18.10.2016,17990
17.10.2016,18050
14.10.2016,18017
13.10.2016,18019
12.10.2016,18056
11.10.2016,18264
10.10.2016,18182
07.10.2016,18192
06.10.2016,18192
05.10.2016,18085
04.10.2016,18164
03.10.2016,18203
30.09.2016,18074
29.09.2016,18232
28.09.2016,18127
27.09.2016,18011
26.09.2016,18172
23.09.2016,18297
22.09.2016,18215
21.09.2016,18037
20.09.2016,18058
19.09.2016,18058
16.09.2016,18197
15.09.2016,18017
14.09.2016,18108
13.09.2016,18293
12.09.2016,18027
09.09.2016,18455
08.09.2016,18515
07.09.2016,18535
06.09.2016,18489
05.09.2016,18504
04.09.2016,18486.5
02.09.2016,18395
01.09.2016,18393
31.08.2016,18453
30.08.2016,18493
29.08.2016,18380
26.08.2016,18451
25.08.2016,18470
24.08.2016,18537
23.08.2016,18519
22.08.2016,18544
19.08.2016,18566
18.08.2016,18552
17.08.2016,18534
16.08.2016,18588
15.08.2016,18533
12.08.2016,18565
11.08.2016,18450
10.08.2016,18470
09.08.2016,18466
08.08.2016,18458
05.08.2016,18275
04.08.2016,18274
03.08.2016,18248
02.08.2016,18343
01.08.2016,18409
29.07.2016,18378
28.07.2016,18410
27.07.2016,18427
26.07.2016,18428
25.07.2016,18488
22.07.2016,18440
21.07.2016,18530
20.07.2016,18497
19.07.2016,18461
18.07.2016,18425
15.07.2016,18421
14.07.2016,18288
13.07.2016,18268
12.07.2016,18151
11.07.2016,18044
08.07.2016,17819
07.07.2016,17825
06.07.2016,17772
05.07.2016,17880
04.07.2016,17845
03.07.2016,17890
01.07.2016,17789
30.06.2016,17670
29.06.2016,17302
28.06.2016,16979
27.06.2016,17185
24.06.2016,17986
23.06.2016,17737
22.06.2016,17729
21.06.2016,17752
20.06.2016,17639
17.06.2016,17735
16.06.2016,17638
15.06.2016,17650
14.06.2016,17718
13.06.2016,17824
10.06.2016,17975
09.06.2016,17991
08.06.2016,17935
07.06.2016,17915
06.06.2016,17808
03.06.2016,17821
02.06.2016,17775
01.06.2016,17773
31.05.2016,17873
30.05.2016,17887
29.05.2016,17872.5
27.05.2016,17825
26.05.2016,17828
25.05.2016,17696
24.05.2016,17469
23.05.2016,17504
20.05.2016,17415
19.05.2016,17491
18.05.2016,17497
17.05.2016,17659
16.05.2016,17468
13.05.2016,17669
12.05.2016,17664
11.05.2016,17828
10.05.2016,17646
09.05.2016,17673
06.05.2016,17569
05.05.2016,17575
04.05.2016,17678
03.05.2016,17806
02.05.2016,17737
29.04.2016,17766
28.04.2016,17976
27.04.2016,17880
26.04.2016,17907
25.04.2016,17963
22.04.2016,17887
21.04.2016,18036
20.04.2016,17959
19.04.2016,17881
18.04.2016,17734
15.04.2016,17849
14.04.2016,17830
13.04.2016,17637
12.04.2016,17457
11.04.2016,17487
08.04.2016,17460
07.04.2016,17627
06.04.2016,17555
05.04.2016,17622
04.04.2016,17702
01.04.2016,17613
31.03.2016,17625
30.03.2016,17543
29.03.2016,17442
28.03.2016,17464
24.03.2016,17423
23.03.2016,17496
22.03.2016,17532
21.03.2016,17490
18.03.2016,17502
17.03.2016,17330
16.03.2016,17247
15.03.2016,17220
14.03.2016,17184
11.03.2016,16997
10.03.2016,17013
09.03.2016,16984
08.03.2016,16986
07.03.2016,16972
04.03.2016,16926
03.03.2016,16858
02.03.2016,16840
01.03.2016,16494
29.02.2016,16600
26.02.2016,16663
25.02.2016,16497
24.02.2016,16378
23.02.2016,16524
22.02.2016,16343
19.02.2016,16393
18.02.2016,16448
17.02.2016,16130
16.02.2016,15954
15.02.2016,16007
14.02.2016,15977.5
12.02.2016,15625
11.02.2016,15830
10.02.2016,15952
09.02.2016,15965
08.02.2016,16147
05.02.2016,16309
04.02.2016,16258
03.02.2016,16075
02.02.2016,16317
01.02.2016,16367
29.01.2016,15957
28.01.2016,15861
27.01.2016,15999
26.01.2016,15810
25.01.2016,16008
22.01.2016,15755
21.01.2016,15706
20.01.2016,15888
19.01.2016,15875
18.01.2016,15873.5
17.01.2016,15874
15.01.2016,16268
14.01.2016,16068
13.01.2016,16350
12.01.2016,16280
11.01.2016,16260
08.01.2016,16446
07.01.2016,16858
06.01.2016,17074
05.01.2016,17086
04.01.2016,17347
31.12.2015,17518
30.12.2015,17636
29.12.2015,17449
28.12.2015,17453
24.12.2015,17478
23.12.2015,17354
22.12.2015,17199
21.12.2015,17043
18.12.2015,17437
17.12.2015,17709
16.12.2015,17554
15.12.2015,17364
14.12.2015,17239
11.12.2015,17580
10.12.2015,17482
09.12.2015,17542
08.12.2015,17751
07.12.2015,17849
04.12.2015,17503
03.12.2015,17769
02.12.2015,17865
01.12.2015,17758
30.11.2015,17801
27.11.2015,17811
26.11.2015,17813
25.11.2015,17764
24.11.2015,17755
23.11.2015,17801
20.11.2015,17720
19.11.2015,17687
18.11.2015,17467
17.11.2015,17422
16.11.2015,17108
13.11.2015,17405
12.11.2015,17651
11.11.2015,17709
10.11.2015,17678
09.11.2015,17826
06.11.2015,17809
05.11.2015,17799
04.11.2015,17836
03.11.2015,17723
02.11.2015,17598
30.10.2015,17690
29.10.2015,17678
28.10.2015,17513
27.10.2015,17541
26.10.2015,17546
23.10.2015,17426
22.10.2015,17056
21.10.2015,17094
20.10.2015,17100
19.10.2015,17106
16.10.2015,17062
15.10.2015,16826
14.10.2015,16951
13.10.2015,17051
12.10.2015,16972
09.10.2015,16948
08.10.2015,16810
07.10.2015,16616
06.10.2015,16653
05.10.2015,16354
02.10.2015,16191
01.10.2015,16127
30.09.2015,15948
29.09.2015,15934
28.09.2015,16162
25.09.2015,16094
24.09.2015,16211
23.09.2015,16221
22.09.2015,16465
21.09.2015,16315
18.09.2015,16658
17.09.2015,16760
16.09.2015,16621
15.09.2015,16372
14.09.2015,16461
11.09.2015,16314
10.09.2015,16281
09.09.2015,16465
08.09.2015,16090
07.09.2015,16155
06.09.2015,16026.5
04.09.2015,16348
03.09.2015,16331
02.09.2015,16073
01.09.2015,16487
31.08.2015,16635
28.08.2015,16646
27.08.2015,16272
26.08.2015,15771
25.08.2015,15732
24.08.2015,16405
21.08.2015,16917
20.08.2015,17290
19.08.2015,17479
18.08.2015,17495
17.08.2015,17439
14.08.2015,17356
13.08.2015,17352
12.08.2015,17364
11.08.2015,17548
10.08.2015,17310
07.08.2015,17370
06.08.2015,17479
05.08.2015,17396
04.08.2015,17512
03.08.2015,17620
31.07.2015,17675
30.07.2015,17666
29.07.2015,17554
28.07.2015,17396
27.07.2015,17527
24.07.2015,17691
23.07.2015,17800
22.07.2015,17816
21.07.2015,17985
20.07.2015,17993
17.07.2015,18005
16.07.2015,17989
15.07.2015,17961
14.07.2015,17892
13.07.2015,17565
10.07.2015,17479
09.07.2015,17443
08.07.2015,17677
07.07.2015,17659
06.07.2015,17412
03.07.2015,17639
02.07.2015,17677
01.07.2015,17540
30.06.2015,17544
29.06.2015,17689
26.06.2015,17833
25.06.2015,17896
24.06.2015,18074
23.06.2015,18044
22.06.2015,17967
19.06.2015,18120
18.06.2015,17916
17.06.2015,17920
16.06.2015,17799
15.06.2015,17858
12.06.2015,18045
11.06.2015,18010
10.06.2015,17776
09.06.2015,17778
08.06.2015,17840
05.06.2015,17924
04.06.2015,18102
03.06.2015,18004
02.06.2015,18042
01.06.2015,18020
29.05.2015,18128
28.05.2015,18135
27.05.2015,18052
26.05.2015,18230
25.05.2015,18230.5
24.05.2015,18230
22.05.2015,18262
21.05.2015,18245
20.05.2015,18282
19.05.2015,18269
18.05.2015,18236
15.05.2015,18202
14.05.2015,18031
13.05.2015,18042
12.05.2015,18040
11.05.2015,18129
08.05.2015,17895
07.05.2015,17780
06.05.2015,17875
05.05.2015,18000
04.05.2015,17938
01.05.2015,17780
30.04.2015,17953
29.04.2015,18049
28.04.2015,17993
27.04.2015,18029
24.04.2015,17979
23.04.2015,17938
22.04.2015,17893
21.04.2015,17924
20.04.2015,17803
17.04.2015,18039
16.04.2015,18041
15.04.2015,17973
14.04.2015,17918
13.04.2015,17969
10.04.2015,17883
09.04.2015,17843
08.04.2015,17788
07.04.2015,17793
06.04.2015,17511
03.04.2015,17681
02.04.2015,17633
01.04.2015,17684
31.03.2015,17859
30.03.2015,17624
27.03.2015,17612
26.03.2015,17666
25.03.2015,17945
24.03.2015,18015
23.03.2015,18032
20.03.2015,17972
19.03.2015,18078
18.03.2015,17856
17.03.2015,17924
16.03.2015,17735
13.03.2015,17869
12.03.2015,17657
11.03.2015,17681
10.03.2015,17972
09.03.2015,17875
06.03.2015,18120
05.03.2015,18089
04.03.2015,18186
03.03.2015,18248
02.03.2015,18144
27.02.2015,18203
26.02.2015,18190
25.02.2015,18190
24.02.2015,18082
23.02.2015,18112
20.02.2015,17967
19.02.2015,17986
18.02.2015,18009
17.02.2015,17972
16.02.2015,17960
15.02.2015,17972.5
13.02.2015,17929
12.02.2015,17890
11.02.2015,17802
10.02.2015,17692
09.02.2015,17770
06.02.2015,17795
05.02.2015,17524
04.02.2015,17582
03.02.2015,17282
02.02.2015,17108
30.01.2015,17421
29.01.2015,17127
28.01.2015,17400
27.01.2015,17615
26.01.2015,17518
23.01.2015,17739
22.01.2015,17493
21.01.2015,17418
20.01.2015,17442
19.01.2015,17410
18.01.2015,17436
16.01.2015,17220
15.01.2015,17396
14.01.2015,17542
13.01.2015,17586
12.01.2015,17647
09.01.2015,17811
08.01.2015,17515
07.01.2015,17309
06.01.2015,17470
05.01.2015,17726
02.01.2015,17781
01.01.2015,17757
31.12.2014,17937
30.12.2014,18005
29.12.2014,18024
26.12.2014,17988
25.12.2014,17983
24.12.2014,17974
23.12.2014,17903
22.12.2014,17741
19.12.2014,17786
18.12.2014,17356
17.12.2014,17086
16.12.2014,17209
15.12.2014,17257
12.12.2014,17559
11.12.2014,17541
10.12.2014,17779
09.12.2014,17854
08.12.2014,17953
05.12.2014,17886
04.12.2014,17893
03.12.2014,17867
02.12.2014,17755
01.12.2014,17784
28.11.2014,17818
27.11.2014,17814.5
26.11.2014,17807
25.11.2014,17792
24.11.2014,17780
21.11.2014,17695
20.11.2014,17652
19.11.2014,17651
18.11.2014,17620
17.11.2014,17607
14.11.2014,17592
13.11.2014,17565
12.11.2014,17560
11.11.2014,17546
10.11.2014,17499
07.11.2014,17501
06.11.2014,17415
05.11.2014,17311
04.11.2014,17288
03.11.2014,17312
31.10.2014,17116
30.10.2014,16912
29.10.2014,16919
28.10.2014,16766
27.10.2014,16746
24.10.2014,16619
23.10.2014,16426
22.10.2014,16546
21.10.2014,16359
20.10.2014,16334
17.10.2014,16033
16.10.2014,16007
15.10.2014,16287
14.10.2014,16227
13.10.2014,16420
10.10.2014,16541
09.10.2014,16903
08.10.2014,16623
07.10.2014,16881
06.10.2014,16923
03.10.2014,16723
02.10.2014,16734
01.10.2014,16937
30.09.2014,16980
29.09.2014,17039
26.09.2014,16902
25.09.2014,17130
24.09.2014,16936
23.09.2014,17084
22.09.2014,17200
19.09.2014,17275
18.09.2014,17168
17.09.2014,17142
16.09.2014,17038
15.09.2014,16958
12.09.2014,17061
11.09.2014,17054
10.09.2014,17031
09.09.2014,17100
08.09.2014,17120
05.09.2014,17087
04.09.2014,17072
03.09.2014,17053
02.09.2014,17076
01.09.2014,17083.5
29.08.2014,17096
28.08.2014,17096
27.08.2014,17107
26.08.2014,17051
25.08.2014,17004
22.08.2014,17018
21.08.2014,16948
20.08.2014,16885
19.08.2014,16803
18.08.2014,16666
15.08.2014,16687
14.08.2014,16626
13.08.2014,16537
12.08.2014,16525
11.08.2014,16479
08.08.2014,16322
07.08.2014,16393
06.08.2014,16369
05.08.2014,16488
04.08.2014,16429
01.08.2014,16509
31.07.2014,16822
30.07.2014,16848
29.07.2014,16914
28.07.2014,16893
25.07.2014,16977
24.07.2014,17031
23.07.2014,17022
22.07.2014,16979
21.07.2014,17021
18.07.2014,16889
17.07.2014,17041
16.07.2014,17003
15.07.2014,16981
14.07.2014,16878
11.07.2014,16836
10.07.2014,16914
09.07.2014,16860
08.07.2014,16944
07.07.2014,16968
04.07.2014,16977
03.07.2014,16895
02.07.2014,16880
01.07.2014,16757
30.06.2014,16753
27.06.2014,16768
26.06.2014,16771
25.06.2014,16743
24.06.2014,16829
23.06.2014,16855
20.06.2014,16904
19.06.2014,16895
18.06.2014,16807
17.06.2014,16782
16.06.2014,16768
13.06.2014,16751
12.06.2014,16853
11.06.2014,16944
10.06.2014,16930
09.06.2014,16940
06.06.2014,16822
05.06.2014,16721
04.06.2014,16715
03.06.2014,16722
02.06.2014,16704
30.05.2014,16676
29.05.2014,16630
28.05.2014,16656
27.05.2014,16593
26.05.2014,16599.5
23.05.2014,16525
22.05.2014,16490
21.05.2014,16342
20.05.2014,16480
19.05.2014,16466
16.05.2014,16416
15.05.2014,16594
14.05.2014,16680
13.05.2014,16664
12.05.2014,16531
09.05.2014,16496
08.05.2014,16471
07.05.2014,16360
06.05.2014,16462
05.05.2014,16449
02.05.2014,16492
01.05.2014,16515
30.04.2014,16460
29.04.2014,16398
28.04.2014,16330
25.04.2014,16405
24.04.2014,16495
23.04.2014,16455
22.04.2014,16364
21.04.2014,16346
17.04.2014,16309
16.04.2014,16245
15.04.2014,16100
14.04.2014,15947
11.04.2014,16129
10.04.2014,16366
09.04.2014,16178
08.04.2014,16187
07.04.2014,16354
04.04.2014,16507
03.04.2014,16490
02.04.2014,16452
01.04.2014,16377
31.03.2014,16276
28.03.2014,16197
27.03.2014,16203
26.03.2014,16295
25.03.2014,16209
24.03.2014,16214
21.03.2014,16325
20.03.2014,16214
19.03.2014,16327
18.03.2014,16247
17.03.2014,16056
14.03.2014,16124
13.03.2014,16347
12.03.2014,16336
11.03.2014,16408
10.03.2014,16437
07.03.2014,16415
06.03.2014,16366
05.03.2014,16379
04.03.2014,16154
03.03.2014,16225
28.02.2014,16282
27.02.2014,16192
26.02.2014,16196
25.02.2014,16180
24.02.2014,16099
21.02.2014,16104
20.02.2014,16021
19.02.2014,16107
18.02.2014,16120
17.02.2014,16126
14.02.2014,15980
13.02.2014,15943
12.02.2014,15925
11.02.2014,15741
10.02.2014,15748
07.02.2014,15563
06.02.2014,15383
05.02.2014,15342
04.02.2014,15323
03.02.2014,15644
31.01.2014,15741
30.01.2014,15689
29.01.2014,15934
28.01.2014,15783
27.01.2014,15801
24.01.2014,16151
23.01.2014,16316
22.01.2014,16328
21.01.2014,16395
20.01.2014,16404
17.01.2014,16343
16.01.2014,16413
15.01.2014,16302
14.01.2014,16211
13.01.2014,16387
10.01.2014,16392
09.01.2014,16407
08.01.2014,16459
07.01.2014,16355
06.01.2014,16399
03.01.2014,16391
02.01.2014,16473
01.01.2014,16522
31.12.2013,16445
30.12.2013,16417
27.12.2013,16426
26.12.2013,16306
24.12.2013,16243
23.12.2013,16208
20.12.2013,16175
19.12.2013,16170
18.12.2013,15870
17.12.2013,15879
16.12.2013,15753
13.12.2013,15738
12.12.2013,15837
11.12.2013,15989
10.12.2013,16027
09.12.2013,16019
06.12.2013,15819
05.12.2013,15892
04.12.2013,15896
03.12.2013,15988
02.12.2013,16096
29.11.2013,16080
28.11.2013,16101
27.11.2013,16060
26.11.2013,16051
25.11.2013,16038
22.11.2013,15972
21.11.2013,15880
20.11.2013,15932
19.11.2013,15950
18.11.2013,15913
15.11.2013,15839
14.11.2013,15783
13.11.2013,15702
12.11.2013,15728
11.11.2013,15708
08.11.2013,15544
07.11.2013,15678
06.11.2013,15553
05.11.2013,15574
04.11.2013,15540
01.11.2013,15524
31.10.2013,15541
30.10.2013,15623
29.10.2013,15517
28.10.2013,15493
25.10.2013,15462
24.10.2013,15361
23.10.2013,15405
22.10.2013,15321
21.10.2013,15327
18.10.2013,15297
17.10.2013,15239
16.10.2013,15110
15.10.2013,15236
14.10.2013,15078
11.10.2013,15025
10.10.2013,14723
09.10.2013,14686
08.10.2013,14848
07.10.2013,14940
04.10.2013,14893
03.10.2013,15027
02.10.2013,15136
01.10.2013,15087
30.09.2013,15117
27.09.2013,15296
26.09.2013,15213
25.09.2013,15282
24.09.2013,15332
23.09.2013,15430
20.09.2013,15650
19.09.2013,15670
18.09.2013,15544
17.09.2013,15514
16.09.2013,15445
13.09.2013,15316
12.09.2013,15339
11.09.2013,15183
10.09.2013,15053
09.09.2013,14908
06.09.2013,14910
05.09.2013,14935
04.09.2013,14818
03.09.2013,14850
02.09.2013,14857
30.08.2013,14846
29.08.2013,14795
28.08.2013,14756
27.08.2013,14938
26.08.2013,14985
23.08.2013,14943
22.08.2013,14830
21.08.2013,14986
20.08.2013,14997
19.08.2013,15040
16.08.2013,15060
15.08.2013,15286
14.08.2013,15416
13.08.2013,15398
12.08.2013,15373
09.08.2013,15454
08.08.2013,15448
07.08.2013,15462
06.08.2013,15544
05.08.2013,15585
02.08.2013,15567
01.08.2013,15477
31.07.2013,15483
30.07.2013,15481
29.07.2013,15493
26.07.2013,15494
25.07.2013,15498
24.07.2013,15515
23.07.2013,15495
22.07.2013,15507
19.07.2013,15465
18.07.2013,15431
17.07.2013,15388
16.07.2013,15416
15.07.2013,15367
12.07.2013,15385
11.07.2013,15299
10.07.2013,15232
09.07.2013,15165
08.07.2013,15080
05.07.2013,14920
04.07.2013,14931
03.07.2013,14860
02.07.2013,14886
01.07.2013,14833
28.06.2013,14937
27.06.2013,14831
26.06.2013,14684
25.06.2013,14595
24.06.2013,14715
21.06.2013,14775
20.06.2013,15101
19.06.2013,15335
18.06.2013,15192
17.06.2013,15052
14.06.2013,15192
13.06.2013,14984
12.06.2013,15140
11.06.2013,15225
10.06.2013,15194
07.06.2013,15031
06.06.2013,14962
05.06.2013,15169
04.06.2013,15220
03.06.2013,15118
31.05.2013,15323
30.05.2013,15292
29.05.2013,15369
28.05.2013,15305
27.05.2013,15320
24.05.2013,15298
23.05.2013,15333
22.05.2013,15358
21.05.2013,15315
20.05.2013,15301
17.05.2013,15217
16.05.2013,15239
15.05.2013,15178
14.05.2013,15055
13.05.2013,15039
10.05.2013,15054
09.05.2013,15056
08.05.2013,14983
07.05.2013,14901
06.05.2013,14901
03.05.2013,14758
02.05.2013,14648
01.05.2013,14783
30.04.2013,14754
29.04.2013,14648
26.04.2013,14660
25.04.2013,14610
24.04.2013,14647
23.04.2013,14512
22.04.2013,14475
19.04.2013,14424
18.04.2013,14545
17.04.2013,14681
16.04.2013,14505
15.04.2013,14787
12.04.2013,14799
11.04.2013,14747
10.04.2013,14610
09.04.2013,14580
08.04.2013,14479
05.04.2013,14530
04.04.2013,14489
03.04.2013,14592
02.04.2013,14501
01.04.2013,14508
28.03.2013,14445
27.03.2013,14481
26.03.2013,14399
25.03.2013,14451
22.03.2013,14347
21.03.2013,14412
20.03.2013,14365
19.03.2013,14389
18.03.2013,14368
15.03.2013,14522
14.03.2013,14462
13.03.2013,14450
12.03.2013,14440
11.03.2013,14366
08.03.2013,14320
07.03.2013,14276
06.03.2013,14247
05.03.2013,14127
04.03.2013,14058
01.03.2013,14043
28.02.2013,14062
27.02.2013,13870
26.02.2013,13773
25.02.2013,13985
22.02.2013,13876
21.02.2013,13895
20.02.2013,14007
19.02.2013,13937
18.02.2013,13948
15.02.2013,13952
14.02.2013,13955
13.02.2013,13984
12.02.2013,13922
11.02.2013,13938
08.02.2013,13898
07.02.2013,13932
06.02.2013,13935
05.02.2013,13838
04.02.2013,13941
01.02.2013,13833
31.01.2013,13830
30.01.2013,13905
29.01.2013,13825
28.01.2013,13816
25.01.2013,13752
24.01.2013,13702
23.01.2013,13706
22.01.2013,13574
21.01.2013,13597
18.01.2013,13540
17.01.2013,13434
16.01.2013,13476
15.01.2013,13438
14.01.2013,13432
11.01.2013,13425
10.01.2013,13328
09.01.2013,13266
08.01.2013,13312
07.01.2013,13361
04.01.2013,13322
03.01.2013,13324
02.01.2013,13177
31.12.2012,12801
28.12.2012,13022
27.12.2012,13050
26.12.2012,13065
24.12.2012,13077
21.12.2012,13312
20.12.2012,13227
19.12.2012,13331
18.12.2012,13246
17.12.2012,13188
14.12.2012,13157
13.12.2012,13221
12.12.2012,13275
11.12.2012,13169
10.12.2012,13147
07.12.2012,13070
06.12.2012,13015
05.12.2012,12919
04.12.2012,12940
03.12.2012,13003
30.11.2012,12987
29.11.2012,12961
28.11.2012,12867
27.11.2012,12940
26.11.2012,12949
23.11.2012,12802
22.11.2012,12822
21.11.2012,12757
20.11.2012,12733
19.11.2012,12579
16.11.2012,12520
15.11.2012,12545
14.11.2012,12731
13.11.2012,12777
12.11.2012,12764
09.11.2012,12777
08.11.2012,12872
07.11.2012,13198
06.11.2012,13045
05.11.2012,12989
02.11.2012,13165
01.11.2012,12991
31.10.2012,13077
30.10.2012,12973
29.10.2012,13048
26.10.2012,13066
25.10.2012,13026
24.10.2012,13038
23.10.2012,13293
22.10.2012,13251
19.10.2012,13483
18.10.2012,13485
17.10.2012,13448
16.10.2012,13356
15.10.2012,13255
12.10.2012,13262
11.10.2012,13266
10.10.2012,13420
09.10.2012,13502
08.10.2012,13550
05.10.2012,13498
04.10.2012,13424
03.10.2012,13409
02.10.2012,13434
01.10.2012,13349
28.09.2012,13412
27.09.2012,13347
26.09.2012,13405
25.09.2012,13491
24.09.2012,13490
21.09.2012,13578
20.09.2012,13570
19.09.2012,13571
18.09.2012,13536
17.09.2012,13590
14.09.2012,13513
13.09.2012,13352
12.09.2012,13294
11.09.2012,13232
10.09.2012,13285
07.09.2012,13276
06.09.2012,13051
05.09.2012,13051
04.09.2012,13062
03.09.2012,13050
31.08.2012,12984
30.08.2012,13082
29.08.2012,13084
28.08.2012,13104
27.08.2012,13159
24.08.2012,13038
23.08.2012,13154
22.08.2012,13199
21.08.2012,13230
20.08.2012,13249
17.08.2012,13228
16.08.2012,13137
15.08.2012,13130
14.08.2012,13132
13.08.2012,13160
10.08.2012,13134
09.08.2012,13123
08.08.2012,13117
07.08.2012,13065
06.08.2012,13064
03.08.2012,12829
02.08.2012,12917
01.08.2012,12940
31.07.2012,12999
30.07.2012,13018
27.07.2012,12824
26.07.2012,12636
25.07.2012,12524
24.07.2012,12646
23.07.2012,12756
20.07.2012,12882
19.07.2012,12862
18.07.2012,12739
17.07.2012,12650
16.07.2012,12714
13.07.2012,12500
12.07.2012,12538
11.07.2012,12583
10.07.2012,12686
09.07.2012,12708
06.07.2012,12830
05.07.2012,12867
04.07.2012,12862
03.07.2012,12780
02.07.2012,12827
29.06.2012,12530
28.06.2012,12555
27.06.2012,12485
26.06.2012,12433
25.06.2012,12566
22.06.2012,12498
21.06.2012,12761
20.06.2012,12758
19.06.2012,12685
18.06.2012,12778
15.06.2012,12674
14.06.2012,12505
13.06.2012,12576
12.06.2012,12391
11.06.2012,12661
08.06.2012,12475
07.06.2012,12421
06.06.2012,12127
05.06.2012,12064
04.06.2012,12104
01.06.2012,12370
31.05.2012,12382
30.05.2012,12583
29.05.2012,12466
28.05.2012,12494
25.05.2012,12538
24.05.2012,12464
23.05.2012,12480
22.05.2012,12489
21.05.2012,12335
18.05.2012,12422
17.05.2012,12575
16.05.2012,12607
15.05.2012,12662
14.05.2012,12752
11.05.2012,12833
10.05.2012,12795
09.05.2012,12875
08.05.2012,12955
07.05.2012,12870
04.05.2012,13144
03.05.2012,13201
02.05.2012,13219
01.05.2012,13166
30.04.2012,13177
27.04.2012,13160
26.04.2012,13041
25.04.2012,12968
24.04.2012,12870
23.04.2012,12967
20.04.2012,12909
19.04.2012,12964
18.04.2012,13026
17.04.2012,12850
16.04.2012,12790
13.04.2012,12949
12.04.2012,12744
11.04.2012,12686
10.04.2012,12850
09.04.2012,12860
06.04.2012,12978
05.04.2012,13001
04.04.2012,13133
03.04.2012,13187
02.04.2012,13171
30.03.2012,13076
29.03.2012,13051
28.03.2012,13124
27.03.2012,13197
26.03.2012,13030
23.03.2012,13002
22.03.2012,13070
21.03.2012,13109
20.03.2012,13166
19.03.2012,13163
16.03.2012,13233
15.03.2012,13190
14.03.2012,13178
13.03.2012,12969
12.03.2012,12922
09.03.2012,12908
08.03.2012,12837
07.03.2012,12741
06.03.2012,12957
05.03.2012,12960
02.03.2012,12974
01.03.2012,12925
29.02.2012,12995
28.02.2012,12972
27.02.2012,12959
24.02.2012,12976
23.02.2012,12919
22.02.2012,12941
21.02.2012,12941
20.02.2012,13007
17.02.2012,12870
16.02.2012,12759
15.02.2012,12839
14.02.2012,12834
13.02.2012,12834
10.02.2012,12841
09.02.2012,12841
08.02.2012,12840
07.02.2012,12776
06.02.2012,12780
03.02.2012,12667
02.02.2012,12656
01.02.2012,12579
31.01.2012,12609
30.01.2012,12625
27.01.2012,12680
26.01.2012,12694
25.01.2012,12627
24.01.2012,12650
23.01.2012,12633
20.01.2012,12594
19.01.2012,12594
18.01.2012,12506
17.01.2012,12350
16.01.2012,12369
13.01.2012,12413
12.01.2012,12390
11.01.2012,12386
10.01.2012,12335
09.01.2012,12312
06.01.2012,12333
05.01.2012,12360
04.01.2012,12336
03.01.2012,12352
02.01.2012,12151
30.12.2011,12208
29.12.2011,12080
28.12.2011,12217
27.12.2011,12235
26.12.2011,12217
23.12.2011,12110
22.12.2011,12110
21.12.2011,12027
20.12.2011,11705
19.12.2011,11793
16.12.2011,11896
15.12.2011,11830
14.12.2011,11970
13.12.2011,12012
12.12.2011,12194
09.12.2011,12008
08.12.2011,12211
07.12.2011,12115
06.12.2011,12056
05.12.2011,12056
02.12.2011,12001
01.12.2011,12017
30.11.2011,11555
29.11.2011,11497
28.11.2011,11356
25.11.2011,11240
24.11.2011,11243
23.11.2011,11450
22.11.2011,11528
21.11.2011,11721
18.11.2011,11741
17.11.2011,11849
16.11.2011,12041
15.11.2011,12054
14.11.2011,12129
11.11.2011,11855
10.11.2011,11735
09.11.2011,12120
08.11.2011,12005
07.11.2011,11958
04.11.2011,11981
03.11.2011,11766
02.11.2011,11675
01.11.2011,11910
31.10.2011,12152
28.10.2011,12170
27.10.2011,11806
26.10.2011,11668
25.10.2011,11824
24.10.2011,11717
21.10.2011,11462
20.10.2011,11445
19.10.2011,11525
18.10.2011,11295
17.10.2011,11559
14.10.2011,11394
13.10.2011,11422
12.10.2011,11317
11.10.2011,11364
10.10.2011,11080
07.10.2011,11043
06.10.2011,10836
05.10.2011,10691
04.10.2011,10535
03.10.2011,10824
30.09.2011,11107
29.09.2011,10970
28.09.2011,11120
27.09.2011,10969
26.09.2011,10640
23.09.2011,10650
22.09.2011,11000
21.09.2011,11340
20.09.2011,11318
19.09.2011,11351
16.09.2011,11435
15.09.2011,11254
14.09.2011,11087
13.09.2011,11061
12.09.2011,10926
09.09.2011,11297
08.09.2011,11415
07.09.2011,11126
06.09.2011,11187
05.09.2011,11177
02.09.2011,11468
01.09.2011,11611
31.08.2011,11492
30.08.2011,11512
29.08.2011,11266
26.08.2011,11131
25.08.2011,11268
24.08.2011,11142
23.08.2011,10848
22.08.2011,10803
19.08.2011,11024
18.08.2011,11378
17.08.2011,11385
16.08.2011,11403
15.08.2011,11268
12.08.2011,11082
11.08.2011,10724
10.08.2011,11194
09.08.2011,10745
08.08.2011,11159
05.08.2011,11376
04.08.2011,11816
03.08.2011,11809
02.08.2011,12042
01.08.2011,12240
29.07.2011,12201
28.07.2011,12249
27.07.2011,12437
26.07.2011,12549
25.07.2011,12536
22.07.2011,12686
21.07.2011,12512
20.07.2011,12507
19.07.2011,12354
18.07.2011,12453
15.07.2011,12389
14.07.2011,12430
13.07.2011,12413
12.07.2011,12485
11.07.2011,12598
08.07.2011,12677
07.07.2011,12572
06.07.2011,12528
05.07.2011,12515
04.07.2011,12516
01.07.2011,12345
30.06.2011,12212
29.06.2011,12135
28.06.2011,11995
27.06.2011,11882
24.06.2011,11978
23.06.2011,12029
22.06.2011,12092
21.06.2011,12008
20.06.2011,11924
17.06.2011,11968
16.06.2011,11907
15.06.2011,12084
14.06.2011,11965
13.06.2011,11945
10.06.2011,12108
09.06.2011,12035
08.06.2011,12070
07.06.2011,12086
06.06.2011,12133
03.06.2011,12236
02.06.2011,12280
01.06.2011,12568
31.05.2011,12422
30.05.2011,12438
27.05.2011,12406
26.05.2011,12359
25.05.2011,12324
24.05.2011,12351
23.05.2011,12448
20.05.2011,12589
19.05.2011,12533
18.05.2011,12441
17.05.2011,12507
16.05.2011,12535
13.05.2011,12673
12.05.2011,12597
11.05.2011,12704
10.05.2011,12630
09.05.2011,12586
06.05.2011,12557
05.05.2011,12672
04.05.2011,12750
03.05.2011,12765
02.05.2011,12787
29.04.2011,12708
28.04.2011,12643
27.04.2011,12524
26.04.2011,12426
25.04.2011,12432
22.04.2011,12434
21.04.2011,12400
20.04.2011,12204
19.04.2011,12140
18.04.2011,12299
15.04.2011,12234
14.04.2011,12201
13.04.2011,12192
12.04.2011,12321
11.04.2011,12339
08.04.2011,12350
07.04.2011,12360
06.04.2011,12325
05.04.2011,12340
04.04.2011,12309
01.04.2011,12263
31.03.2011,12288
30.03.2011,12221
29.03.2011,12117
28.03.2011,12170
25.03.2011,12110
24.03.2011,12022
23.03.2011,11950
22.03.2011,11964
21.03.2011,11808
18.03.2011,11768
17.03.2011,11647
16.03.2011,11647
15.03.2011,11986
14.03.2011,12041
11.03.2011,11976
10.03.2011,12177
09.03.2011,12177
08.03.2011,12078
07.03.2011,12164
04.03.2011,12241
03.03.2011,12046
02.03.2011,12022
01.03.2011,12214
28.02.2011,12112
25.02.2011,12033
24.02.2011,12096
23.02.2011,12180
22.02.2011,12371
21.02.2011,12364
18.02.2011,12288
17.02.2011,12250
16.02.2011,12203
15.02.2011,12226
14.02.2011,12241
11.02.2011,12189
10.02.2011,12200
09.02.2011,12189
08.02.2011,12102
07.02.2011,12046
04.02.2011,12007
03.02.2011,11983
02.02.2011,11968
01.02.2011,11841
31.01.2011,11751
28.01.2011,11934
27.01.2011,11936
26.01.2011,11920
25.01.2011,11927
24.01.2011,11814
21.01.2011,11776
20.01.2011,11786
19.01.2011,11813
18.01.2011,11729
17.01.2011,11721
14.01.2011,11690
13.01.2011,11705
12.01.2011,11614
11.01.2011,11585
10.01.2011,11614
07.01.2011,11638
06.01.2011,11662
05.01.2011,11621
04.01.2011,11584
03.01.2011,11547
31.12.2010,11518
30.12.2010,11530
29.12.2010,11506
28.12.2010,11502
27.12.2010,11499
24.12.2010,11519
23.12.2010,11493
22.12.2010,11468
21.12.2010,11402
20.12.2010,11443
17.12.2010,11491
16.12.2010,11472
15.12.2010,11480
14.12.2010,11424
13.12.2010,11411
10.12.2010,11363
09.12.2010,11364
08.12.2010,11351
07.12.2010,11351
06.12.2010,11363
03.12.2010,11364
02.12.2010,11233
01.12.2010,10983
30.11.2010,11035
29.11.2010,11055
26.11.2010,11152
25.11.2010,11153
24.11.2010,11012
23.11.2010,11163
22.11.2010,11229
19.11.2010,11173
18.11.2010,10992
17.11.2010,10987
16.11.2010,11168
15.11.2010,11151
12.11.2010,11243
11.11.2010,11309
10.11.2010,11310
09.11.2010,11357
08.11.2010,11370
05.11.2010,11380
04.11.2010,11180
03.11.2010,11152
02.11.2010,11090
01.11.2010,11068
29.10.2010,11054
28.10.2010,11070
27.10.2010,11070
26.10.2010,11111
25.10.2010,11093
22.10.2010,11085
21.10.2010,11061
20.10.2010,10939
19.10.2010,11044
18.10.2010,11011
15.10.2010,11058
14.10.2010,11045
13.10.2010,10960
12.10.2010,10960
11.10.2010,10951
08.10.2010,10913
07.10.2010,10905
06.10.2010,10865
05.10.2010,10701
04.10.2010,10771
01.10.2010,10717
30.09.2010,10778
29.09.2010,10791
28.09.2010,10752
27.09.2010,10796
24.09.2010,10606
23.09.2010,10673
22.09.2010,10695
21.09.2010,10672
20.09.2010,10531
17.09.2010,10626
16.09.2010,10582
15.09.2010,10532
14.09.2010,10538
13.09.2010,10476
10.09.2010,10401
09.09.2010,10390
08.09.2010,10334
07.09.2010,10430
06.09.2010,10443
03.09.2010,10310
02.09.2010,10270
01.09.2010,10034
31.08.2010,9983
30.08.2010,10137
27.08.2010,9957
26.08.2010,10049
25.08.2010,10023
24.08.2010,10150
23.08.2010,10202
20.08.2010,10232
19.08.2010,10359
18.08.2010,10361
17.08.2010,10276
16.08.2010,10272
13.08.2010,10271
12.08.2010,10337
11.08.2010,10617
10.08.2010,10661
09.08.2010,10616
06.08.2010,10634
05.08.2010,10639
04.08.2010,10591
03.08.2010,10615
02.08.2010,10459
30.07.2010,10405
29.07.2010,10451
28.07.2010,10488
27.07.2010,10460
26.07.2010,10390
23.07.2010,10259
22.07.2010,10058
21.07.2010,10176
20.07.2010,10053
19.07.2010,10046
16.07.2010,10295
15.07.2010,10303
14.07.2010,10332
13.07.2010,10178
12.07.2010,10117
09.07.2010,10090
08.07.2010,9976
07.07.2010,9678
06.07.2010,9594
05.07.2010,9598
02.07.2010,9660
01.07.2010,9702
30.06.2010,9801
29.06.2010,10080
28.06.2010,10104
25.06.2010,10096
24.06.2010,10236
23.06.2010,10233
22.06.2010,10392
21.06.2010,10426
18.06.2010,10433
17.06.2010,10401
16.06.2010,10387
15.06.2010,10200
14.06.2010,10207
11.06.2010,10141
10.06.2010,9900
09.06.2010,9920
08.06.2010,9798
07.06.2010,9924
04.06.2010,10258
03.06.2010,10229
02.06.2010,10019
01.06.2010,10126
31.05.2010,10162
28.05.2010,10234
27.05.2010,9916
26.05.2010,10020
25.05.2010,10035
24.05.2010,10168
21.05.2010,10052
20.05.2010,10405
19.05.2010,10487
18.05.2010,10604
17.05.2010,10600
14.05.2010,10767
13.05.2010,10874
12.05.2010,10705
11.05.2010,10736
10.05.2010,10465
07.05.2010,10463
06.05.2010,10835
05.05.2010,10892
04.05.2010,11101
03.05.2010,10972
30.04.2010,11132
29.04.2010,11013
28.04.2010,10951
27.04.2010,11149
26.04.2010,11139
23.04.2010,11063
22.04.2010,11049
21.04.2010,11071
20.04.2010,11041
19.04.2010,10955
16.04.2010,11095
15.04.2010,11063
14.04.2010,10979
13.04.2010,10951
12.04.2010,10970
09.04.2010,10881
08.04.2010,10845
07.04.2010,10910
06.04.2010,10910
05.04.2010,10898
02.04.2010,10861
01.04.2010,10817
31.03.2010,10852
30.03.2010,10825
29.03.2010,10805
26.03.2010,10789
25.03.2010,10784
24.03.2010,10827
23.03.2010,10725
22.03.2010,10662
19.03.2010,10780
18.03.2010,10729
17.03.2010,10686
16.03.2010,10637
15.03.2010,10635
12.03.2010,10608
11.03.2010,10608
10.03.2010,10560
09.03.2010,10538
08.03.2010,10544
05.03.2010,10430
04.03.2010,10430
03.03.2010,10395
02.03.2010,10382
01.03.2010,10324
26.02.2010,10315
25.02.2010,10355
24.02.2010,10298
23.02.2010,10366
22.02.2010,10368
19.02.2010,10378
18.02.2010,10298
17.02.2010,10237
16.02.2010,10109
15.02.2010,10098
12.02.2010,10109
11.02.2010,9987
10.02.2010,10007
09.02.2010,9894
08.02.2010,9894
05.02.2010,9978
04.02.2010,10240
03.02.2010,10226
02.02.2010,10137
01.02.2010,10013
29.01.2010,10070
28.01.2010,10188
27.01.2010,10140
26.01.2010,10149
25.01.2010,10149
22.01.2010,10336
21.01.2010,10556
20.01.2010,10665
19.01.2010,10561
18.01.2010,10558
15.01.2010,10673
14.01.2010,10626
13.01.2010,10589
12.01.2010,10592
11.01.2010,10573
08.01.2010,10548
07.01.2010,10518
06.01.2010,10514
05.01.2010,10520
04.01.2010,10384
01.01.2010,10386
31.12.2009,10485
30.12.2009,10485
29.12.2009,10482
28.12.2009,10455
25.12.2009,10469
24.12.2009,10400
23.12.2009,10403
22.12.2009,10343
21.12.2009,10276
18.12.2009,10328
17.12.2009,10451
16.12.2009,10461
15.12.2009,10495
14.12.2009,10486
11.12.2009,10404
10.12.2009,10322
09.12.2009,10274
08.12.2009,10391
07.12.2009,10398
04.12.2009,10347
03.12.2009,10440
02.12.2009,10460
01.12.2009,10322
30.11.2009,10309
27.11.2009,10443
26.11.2009,10439
25.11.2009,10409
24.11.2009,10422
23.11.2009,10304
20.11.2009,10326
19.11.2009,10404
18.11.2009,10395
17.11.2009,10364
16.11.2009,10243
13.11.2009,10186
12.11.2009,10258
11.11.2009,10220
10.11.2009,10192
09.11.2009,9979
06.11.2009,9953
05.11.2009,9785
04.11.2009,9716
03.11.2009,9740
02.11.2009,9658
30.10.2009,9903
29.10.2009,9713
28.10.2009,9840
27.10.2009,9838
26.10.2009,9925
23.10.2009,10041
22.10.2009,9889
21.10.2009,9998
20.10.2009,10013
19.10.2009,9912
16.10.2009,9970
15.10.2009,9952
14.10.2009,9831
13.10.2009,9819
12.10.2009,9809
09.10.2009,9743
08.10.2009,9675
07.10.2009,9650
06.10.2009,9546
05.10.2009,9432
02.10.2009,9462
01.10.2009,9664
30.09.2009,9673
29.09.2009,9731
28.09.2009,9622
25.09.2009,9635
24.09.2009,9713
23.09.2009,9768
22.09.2009,9718
21.09.2009,9716
18.09.2009,9800
17.09.2009,9789
16.09.2009,9664
15.09.2009,9611
14.09.2009,9592
11.09.2009,9609
10.09.2009,9536
09.09.2009,9492
08.09.2009,9410
04.09.2009,9330
03.09.2009,9273
02.09.2009,9302
01.09.2009,9494
31.08.2009,9523
28.08.2009,9569
27.08.2009,9522
26.08.2009,9521
25.08.2009,9490
24.08.2009,9487
21.08.2009,9318
20.08.2009,9277
19.08.2009,9207
18.08.2009,9118
17.08.2009,9305
14.08.2009,9386
13.08.2009,9321
12.08.2009,9216
11.08.2009,9317
10.08.2009,9321
07.08.2009,9224
06.08.2009,9247
05.08.2009,9285
04.08.2009,9246
03.08.2009,9100
31.07.2009,9091
30.07.2009,9044
29.07.2009,9047
28.07.2009,9065
27.07.2009,9051
24.07.2009,8972
23.07.2009,8837
22.07.2009,8874
21.07.2009,8800
20.07.2009,8694
17.07.2009,8666
16.07.2009,8536
15.07.2009,8327
14.07.2009,8256
13.07.2009,8086
10.07.2009,8134
09.07.2009,8119
08.07.2009,8131
07.07.2009,8278
06.07.2009,8230
03.07.2009,8242
02.07.2009,8446
01.07.2009,8397
30.06.2009,8458
29.06.2009,8371
26.06.2009,8413
25.06.2009,8254
24.06.2009,8258
23.06.2009,8283
22.06.2009,8461
19.06.2009,8548
18.06.2009,8502
17.06.2009,8508
16.06.2009,8621
15.06.2009,8787
12.06.2009,8744
11.06.2009,8750
10.06.2009,8742
09.06.2009,8758
08.06.2009,8750
05.06.2009,8734
04.06.2009,8661
03.06.2009,8720
02.06.2009,8684
01.06.2009,8503
29.05.2009,8382
28.05.2009,8291
27.05.2009,8444
26.05.2009,8269
22.05.2009,8295
21.05.2009,8396
20.05.2009,8441
19.05.2009,8475
18.05.2009,8265
15.05.2009,8293
14.05.2009,8288
13.05.2009,8436
12.05.2009,8403
11.05.2009,8496
08.05.2009,8385
07.05.2009,8472
06.05.2009,8378
05.05.2009,8363
04.05.2009,8173
01.05.2009,8086
30.04.2009,8114
29.04.2009,7958
28.04.2009,7989
27.04.2009,8037
24.04.2009,7919
23.04.2009,7803
22.04.2009,7924
21.04.2009,7801
20.04.2009,8069
17.04.2009,8059
16.04.2009,7981
15.04.2009,7872
14.04.2009,7988
13.04.2009,7992
09.04.2009,7790
08.04.2009,7771
07.04.2009,7918
06.04.2009,7979
03.04.2009,7955
02.04.2009,7714
01.04.2009,7518
31.03.2009,7481
30.03.2009,7732
27.03.2009,7846
26.03.2009,7675
25.03.2009,7621
24.03.2009,7710
23.03.2009,7228
20.03.2009,7407
19.03.2009,7491
18.03.2009,7409
17.03.2009,7235
16.03.2009,7230
13.03.2009,7161
12.03.2009,6918
11.03.2009,6879
10.03.2009,6523
09.03.2009,6692
06.03.2009,6627
05.03.2009,6836
04.03.2009,6673
03.03.2009,6784
02.03.2009,7043
27.02.2009,7177
26.02.2009,7224
25.02.2009,7305
24.02.2009,7120
23.02.2009,7367
20.02.2009,7454
19.02.2009,7486
18.02.2009,7520
17.02.2009,7751
13.02.2009,7927
12.02.2009,7895
11.02.2009,7876
10.02.2009,8212
09.02.2009,8275
06.02.2009,8000
05.02.2009,7919
04.02.2009,7981
03.02.2009,7887
02.02.2009,7966
30.01.2009,8118
29.01.2009,8319
28.01.2009,8100
27.01.2009,8060
26.01.2009,7981
23.01.2009,8083
22.01.2009,8180
21.01.2009,7949
20.01.2009,8269
16.01.2009,8173
15.01.2009,8163
14.01.2009,8411
13.01.2009,8444
12.01.2009,8540
09.01.2009,8704
08.01.2009,8745
07.01.2009,8945
06.01.2009,8918
05.01.2009,8940
02.01.2009,8718
31.12.2008,8640
30.12.2008,8484
29.12.2008,8463
26.12.2008,8440
24.12.2008,8387
23.12.2008,8535
22.12.2008,8544
19.12.2008,8734
18.12.2008,8734
17.12.2008,8904
16.12.2008,8904
15.12.2008,8603
12.12.2008,8588
11.12.2008,8730
10.12.2008,8719
09.12.2008,8887
08.12.2008,8607
05.12.2008,8407
04.12.2008,8580
03.12.2008,8425
02.12.2008,8160
01.12.2008,8821
28.11.2008,8691
26.11.2008,8445
25.11.2008,8445
24.11.2008,8075
21.11.2008,7521
20.11.2008,8025
19.11.2008,8480
18.11.2008,8480
17.11.2008,8390
14.11.2008,8820
13.11.2008,8280
12.11.2008,8642
11.11.2008,8871
10.11.2008,9022
07.11.2008,8678
06.11.2008,9169
05.11.2008,9580
04.11.2008,9331
03.11.2008,9331
31.10.2008,9216
30.10.2008,8876
29.10.2008,9083
28.10.2008,8023
27.10.2008,8254
24.10.2008,8766
23.10.2008,8570
22.10.2008,9040
21.10.2008,9312
20.10.2008,8801
17.10.2008,8976
16.10.2008,8511
15.10.2008,9374
14.10.2008,9468
13.10.2008,8489
10.10.2008,8594
09.10.2008,9189
08.10.2008,9529
07.10.2008,9966
06.10.2008,10338
03.10.2008,10559
02.10.2008,10880
01.10.2008,10826
30.09.2008,10455
29.09.2008,11181
26.09.2008,11008
25.09.2008,10854
24.09.2008,10860
23.09.2008,11063
22.09.2008,11326
19.09.2008,10971
18.09.2008,10656
17.09.2008,11037
16.09.2008,10967
15.09.2008,11350
12.09.2008,11460
11.09.2008,11283
10.09.2008,11241
09.09.2008,11502
08.09.2008,11340
05.09.2008,11201
04.09.2008,11544
03.09.2008,11514
02.09.2008,11547
29.08.2008,11694
28.08.2008,11496
27.08.2008,11412
26.08.2008,11386
25.08.2008,11617
22.08.2008,11405
21.08.2008,11406
20.08.2008,11352
19.08.2008,11501
18.08.2008,11661
15.08.2008,11620
14.08.2008,11524
13.08.2008,11643
12.08.2008,11760
11.08.2008,11686
08.08.2008,11440
07.08.2008,11628
06.08.2008,11579
05.08.2008,11274
04.08.2008,11310
01.08.2008,11354
31.07.2008,11580
30.07.2008,11375
29.07.2008,11129
28.07.2008,11332
25.07.2008,11350
24.07.2008,11610
23.07.2008,11566
22.07.2008,11427
21.07.2008,11486
18.07.2008,11376
17.07.2008,11195
16.07.2008,10921
15.07.2008,11035
14.07.2008,11090
11.07.2008,11225
10.07.2008,11153
09.07.2008,11371
08.07.2008,11209
07.07.2008,11241
03.07.2008,11212
02.07.2008,11378
01.07.2008,11378
30.06.2008,11355
27.06.2008,11465
26.06.2008,11802
25.06.2008,11806
24.06.2008,11829
23.06.2008,11851
20.06.2008,12047
19.06.2008,12022
18.06.2008,12176
17.06.2008,12259
16.06.2008,12296
13.06.2008,12145
12.06.2008,12099
11.06.2008,12277
10.06.2008,12286
09.06.2008,12209
06.06.2008,12620
05.06.2008,12394
04.06.2008,12400
03.06.2008,12502
02.06.2008,12627
30.05.2008,12623
29.05.2008,12588
28.05.2008,12553
27.05.2008,12480
23.05.2008,12616
22.05.2008,12626
21.05.2008,12845
20.05.2008,13041
19.05.2008,13041
16.05.2008,12995
15.05.2008,12876
14.05.2008,12825
13.05.2008,12859
12.05.2008,12740
09.05.2008,12817
08.05.2008,12828
07.05.2008,12828
06.05.2008,12970
05.05.2008,12970
02.05.2008,12993
01.05.2008,12806
30.04.2008,12808
29.04.2008,12879
28.04.2008,12880
25.04.2008,12841
24.04.2008,12750
23.04.2008,12750
22.04.2008,12739
21.04.2008,12818
18.04.2008,12660
17.04.2008,12656
16.04.2008,12387
15.04.2008,12314
14.04.2008,12334
11.04.2008,12596
10.04.2008,12565
09.04.2008,12609
08.04.2008,12604
07.04.2008,12609
04.04.2008,12638
03.04.2008,12619
02.04.2008,12625
01.04.2008,12251
31.03.2008,12229
28.03.2008,12323
27.03.2008,12378
26.03.2008,12514
25.03.2008,12539
24.03.2008,12539
20.03.2008,12112
19.03.2008,12391
18.03.2008,11997
17.03.2008,11970
14.03.2008,12150
13.03.2008,12122
12.03.2008,12185
11.03.2008,11782
10.03.2008,11890
07.03.2008,12069
06.03.2008,12275
05.03.2008,12223
04.03.2008,12260
03.03.2008,12279
29.02.2008,12575
28.02.2008,12690
27.02.2008,12691
26.02.2008,12560
25.02.2008,12394
22.02.2008,12317
21.02.2008,12428
20.02.2008,12387
19.02.2008,12347
15.02.2008,12390
14.02.2008,12526
13.02.2008,12380
12.02.2008,12235
11.02.2008,12161
08.02.2008,12273
07.02.2008,12237
06.02.2008,12318
05.02.2008,12615
04.02.2008,12756
01.02.2008,12616
31.01.2008,12390
30.01.2008,12471
29.01.2008,12362
28.01.2008,12241
25.01.2008,12382
24.01.2008,12271
23.01.2008,11967
22.01.2008,11595
18.01.2008,12221
17.01.2008,12486
16.01.2008,12520
15.01.2008,12798
14.01.2008,12668
11.01.2008,12835
10.01.2008,12775
09.01.2008,12642
08.01.2008,12870
07.01.2008,12888
04.01.2008,13137
03.01.2008,13148
02.01.2008,13334
31.12.2007,13423
28.12.2007,13476
27.12.2007,13634
26.12.2007,13631
24.12.2007,13540
21.12.2007,13348
20.12.2007,13212
19.12.2007,13265
18.12.2007,13205
17.12.2007,13352
14.12.2007,13515
13.12.2007,13496
12.12.2007,13471
11.12.2007,13757
10.12.2007,13649
07.12.2007,13605
06.12.2007,13501
05.12.2007,13268
04.12.2007,13344
03.12.2007,13410
30.11.2007,13341
29.11.2007,13291
28.11.2007,12960
27.11.2007,12767
26.11.2007,13005
23.11.2007,12887
21.11.2007,13032
20.11.2007,13017
19.11.2007,13214
16.11.2007,13151
15.11.2007,13275
14.11.2007,13323
13.11.2007,12986
12.11.2007,13048
09.11.2007,13278
08.11.2007,13293
07.11.2007,13662
06.11.2007,13559
05.11.2007,13589
02.11.2007,13605
01.11.2007,13940
31.10.2007,13812
30.10.2007,13900
29.10.2007,13855
26.10.2007,13748
25.10.2007,13729
24.10.2007,13675
23.10.2007,13639
22.10.2007,13532
19.10.2007,13957
18.10.2007,13963
17.10.2007,14012
16.10.2007,14064
15.10.2007,14183
12.10.2007,14076
11.10.2007,14144
10.10.2007,14228
09.10.2007,14119
08.10.2007,14147
05.10.2007,14029
04.10.2007,14057
03.10.2007,14106
02.10.2007,14152
01.10.2007,13981
28.09.2007,13992
27.09.2007,13964
26.09.2007,13870
25.09.2007,13837
24.09.2007,13896
21.09.2007,13849
20.09.2007,13813
19.09.2007,13744
18.09.2007,13402
17.09.2007,13448
14.09.2007,13412
13.09.2007,13330
12.09.2007,13307
11.09.2007,13153
10.09.2007,13149
07.09.2007,13368
06.09.2007,13332
05.09.2007,13445
04.09.2007,13363
31.08.2007,13290
30.08.2007,13318
29.08.2007,13091
28.08.2007,13351
27.08.2007,13401
24.08.2007,13248
23.08.2007,13302
22.08.2007,13116
21.08.2007,13122
20.08.2007,13069
17.08.2007,12951
16.08.2007,12898
15.08.2007,13067
14.08.2007,13250
13.08.2007,13275
10.08.2007,13309
09.08.2007,13705
08.08.2007,13562
07.08.2007,13470
06.08.2007,13243
03.08.2007,13526
02.08.2007,13425
01.08.2007,13243
31.07.2007,13413
30.07.2007,13287
27.07.2007,13550
26.07.2007,13852
25.07.2007,13814
24.07.2007,14000
23.07.2007,13944
20.07.2007,14038
19.07.2007,14026
18.07.2007,13998
17.07.2007,14033
16.07.2007,13973
13.07.2007,13925
12.07.2007,13689
11.07.2007,13585
10.07.2007,13739
09.07.2007,13708
06.07.2007,13656
05.07.2007,13674
03.07.2007,13635
02.07.2007,13521
29.06.2007,13521
28.06.2007,13520
27.06.2007,13403
26.06.2007,13482
25.06.2007,13499
22.06.2007,13647
21.06.2007,13612
20.06.2007,13749
19.06.2007,13724
18.06.2007,13751
15.06.2007,13688
14.06.2007,13485
13.06.2007,13294
12.06.2007,13434
11.06.2007,13424
08.06.2007,13262
07.06.2007,13461
06.06.2007,13617
05.06.2007,13672
04.06.2007,13670
01.06.2007,13653
31.05.2007,13657
30.05.2007,13553
29.05.2007,13534
25.05.2007,13478
24.05.2007,13556
23.05.2007,13560
22.05.2007,13562
21.05.2007,13596
18.05.2007,13506
17.05.2007,13522
16.05.2007,13432
15.05.2007,13378
14.05.2007,13381
11.05.2007,13266
10.05.2007,13376
09.05.2007,13341
08.05.2007,13335
07.05.2007,13313
04.05.2007,13275
03.05.2007,13247
02.05.2007,13178
01.05.2007,13113
30.04.2007,13170
27.04.2007,13162
26.04.2007,13125
25.04.2007,13013
24.04.2007,12984
23.04.2007,13020
20.04.2007,12876
19.04.2007,12851
18.04.2007,12809
17.04.2007,12764
16.04.2007,12683
13.04.2007,12606
12.04.2007,12554
11.04.2007,12634
10.04.2007,12639
09.04.2007,12659
06.04.2007,12622
05.04.2007,12594
04.04.2007,12577
03.04.2007,12452
02.04.2007,12438
30.03.2007,12422
29.03.2007,12394
28.03.2007,12455
27.03.2007,12528
26.03.2007,12561
23.03.2007,12541
22.03.2007,12519
21.03.2007,12381
20.03.2007,12327
19.03.2007,12196
16.03.2007,12240
15.03.2007,12166
14.03.2007,12092
13.03.2007,12307
12.03.2007,12287
09.03.2007,12278
08.03.2007,12196
07.03.2007,12218
06.03.2007,12062
05.03.2007,12075
02.03.2007,12263
01.03.2007,12266
28.02.2007,12175
27.02.2007,12657
26.02.2007,12670
23.02.2007,12701
22.02.2007,12755
21.02.2007,12795
20.02.2007,12790
16.02.2007,12779
15.02.2007,12764
14.02.2007,12685
13.02.2007,12586
12.02.2007,12604
09.02.2007,12670
08.02.2007,12706
07.02.2007,12700
06.02.2007,12697
05.02.2007,12677
02.02.2007,12714
01.02.2007,12657
31.01.2007,12565
30.01.2007,12527
29.01.2007,12521
26.01.2007,12544
25.01.2007,12669
24.01.2007,12596
23.01.2007,12538
22.01.2007,12613
19.01.2007,12588
18.01.2007,12628
17.01.2007,12621
16.01.2007,12640
12.01.2007,12567
11.01.2007,12522
10.01.2007,12489
09.01.2007,12499
08.01.2007,12460
05.01.2007,12554
04.01.2007,12541
03.01.2007,12607
02.01.2007,12540
29.12.2006,12574
28.12.2006,12585
27.12.2006,12495
26.12.2006,12427
22.12.2006,12507
21.12.2006,12550
20.12.2006,12555
19.12.2006,12539
18.12.2006,12536
15.12.2006,12515
14.12.2006,12327
13.12.2006,12310
12.12.2006,12338
11.12.2006,12308
08.12.2006,12287
07.12.2006,12320
06.12.2006,12347
05.12.2006,12299
04.12.2006,12212
01.12.2006,12243
30.11.2006,12256
29.11.2006,12165
28.11.2006,12137
27.11.2006,12290
24.11.2006,12347
22.11.2006,12348
21.11.2006,12347
20.11.2006,12368
17.11.2006,12338
16.11.2006,12277
15.11.2006,12257
14.11.2006,12161
13.11.2006,12138
10.11.2006,12141
09.11.2006,12212
08.11.2006,12182
07.11.2006,12132
06.11.2006,12013
03.11.2006,12037
02.11.2006,12063
01.11.2006,12116
31.10.2006,12120
30.10.2006,12132
27.10.2006,12189
26.10.2006,12187
25.10.2006,12170
24.10.2006,12130
23.10.2006,12058
20.10.2006,12059
19.10.2006,12030
18.10.2006,12028
17.10.2006,12026
16.10.2006,12016
13.10.2006,12006
12.10.2006,11918
11.10.2006,11903
10.10.2006,11924
09.10.2006,11915
06.10.2006,11926
05.10.2006,11906
04.10.2006,11786
03.10.2006,11735
02.10.2006,11742
29.09.2006,11771
28.09.2006,11770
27.09.2006,11739
26.09.2006,11645
25.09.2006,11598
22.09.2006,11620
21.09.2006,11698
20.09.2006,11631
19.09.2006,11640
18.09.2006,11650
15.09.2006,11626
14.09.2006,11535
13.09.2006,11519
12.09.2006,11397
11.09.2006,11387
08.09.2006,11358
07.09.2006,11412
06.09.2006,11474
05.09.2006,11499
01.09.2006,11397
31.08.2006,11392
30.08.2006,11370
29.08.2006,11363
28.08.2006,11312
25.08.2006,11307
24.08.2006,11324
23.08.2006,11359
22.08.2006,11381
21.08.2006,11404
18.08.2006,11360
17.08.2006,11350
16.08.2006,11244
15.08.2006,11135
14.08.2006,11158
11.08.2006,11144
10.08.2006,11120
09.08.2006,11225
08.08.2006,11265
07.08.2006,11274
04.08.2006,11289
03.08.2006,11233
02.08.2006,11167
01.08.2006,11230
31.07.2006,11246
28.07.2006,11162
27.07.2006,11134
26.07.2006,11122
25.07.2006,11105
24.07.2006,10905
21.07.2006,10999
20.07.2006,11054
19.07.2006,10860
18.07.2006,10797
17.07.2006,10782
14.07.2006,10860
13.07.2006,11085
12.07.2006,11213
11.07.2006,11163
10.07.2006,11165
07.07.2006,11288
06.07.2006,11212
05.07.2006,11268
03.07.2006,11258
30.06.2006,11255
29.06.2006,11058
28.06.2006,11014
27.06.2006,11126
26.06.2006,11074
23.06.2006,11104
22.06.2006,11159
21.06.2006,11072
20.06.2006,11020
19.06.2006,11088
16.06.2006,11102
15.06.2006,10841
14.06.2006,10698
13.06.2006,10802
12.06.2006,10875
09.06.2006,10916
08.06.2006,10929
07.06.2006,11020
06.06.2006,11092
05.06.2006,11246
02.06.2006,11255
01.06.2006,11193
31.05.2006,11104
30.05.2006,11284
26.05.2006,11229
25.05.2006,11145
24.05.2006,11033
23.05.2006,11137
22.05.2006,11195
19.05.2006,11155
18.05.2006,11213
17.05.2006,11443
16.05.2006,11448
15.05.2006,11389
12.05.2006,11546
11.05.2006,11669
10.05.2006,11663
09.05.2006,11606
08.05.2006,11596
05.05.2006,11465
04.05.2006,11431
03.05.2006,11452
02.05.2006,11377
01.05.2006,11437
28.04.2006,11409
27.04.2006,11386
26.04.2006,11335
25.04.2006,11389
24.04.2006,11391
21.04.2006,11392
20.04.2006,11319
19.04.2006,11319
18.04.2006,11129
17.04.2006,11179
13.04.2006,11184
12.04.2006,11147
11.04.2006,11220
10.04.2006,11181
07.04.2006,11279
06.04.2006,11286
05.04.2006,11269
04.04.2006,11204
03.04.2006,11196
31.03.2006,11205
30.03.2006,11265
29.03.2006,11213
28.03.2006,11316
27.03.2006,11350
24.03.2006,11348
23.03.2006,11393
22.03.2006,11314
21.03.2006,11352
20.03.2006,11357
17.03.2006,11335
16.03.2006,11210
15.03.2006,11140
14.03.2006,11090
13.03.2006,11085
10.03.2006,10966
09.03.2006,11008
08.03.2006,10979
07.03.2006,10956
06.03.2006,11010
03.03.2006,11045
02.03.2006,11047
01.03.2006,11007
28.02.2006,11098
27.02.2006,11102
24.02.2006,11102
23.02.2006,11128
22.02.2006,11082
21.02.2006,11119
17.02.2006,11127
16.02.2006,11075
15.02.2006,11042
14.02.2006,10918
13.02.2006,10921
10.02.2006,10905
09.02.2006,10870
08.02.2006,10776
07.02.2006,10823
06.02.2006,10802
03.02.2006,10856
02.02.2006,10978
01.02.2006,10852
31.01.2006,10911
30.01.2006,10941
27.01.2006,10847
26.01.2006,10759
25.01.2006,10739
24.01.2006,10712
23.01.2006,10683
20.01.2006,10904
19.01.2006,10900
18.01.2006,10879
17.01.2006,11000
13.01.2006,11012
12.01.2006,11069
11.01.2006,11049
10.01.2006,11032
09.01.2006,10994
06.01.2006,10933
05.01.2006,10917
04.01.2006,10883
03.01.2006,10780
30.12.2005,10828
29.12.2005,10837
28.12.2005,10826
27.12.2005,10951
23.12.2005,10936
22.12.2005,10884
21.12.2005,10854
20.12.2005,10890
19.12.2005,10925
16.12.2005,10931
15.12.2005,10896
14.12.2005,10850
13.12.2005,10776
12.12.2005,10780
09.12.2005,10758
08.12.2005,10817
07.12.2005,10878
06.12.2005,10852
05.12.2005,10886
02.12.2005,10921
01.12.2005,10844
30.11.2005,10916
29.11.2005,10926
28.11.2005,10949
25.11.2005,10934
23.11.2005,10879
22.11.2005,10842
21.11.2005,10785
18.11.2005,10740
17.11.2005,10702
16.11.2005,10713
15.11.2005,10714
14.11.2005,10707
11.11.2005,10668
10.11.2005,10567
09.11.2005,10568
08.11.2005,10574
07.11.2005,10536
04.11.2005,10538
03.11.2005,10487
02.11.2005,10430
01.11.2005,10420
31.10.2005,10407
28.10.2005,10238
27.10.2005,10367
26.10.2005,10396
25.10.2005,10396
24.10.2005,10247
21.10.2005,10277
20.10.2005,10444
19.10.2005,10293
18.10.2005,10375
17.10.2005,10308
14.10.2005,10220
13.10.2005,10229
12.10.2005,10261
11.10.2005,10260
07.10.2005,10332
06.10.2005,10348
05.10.2005,10450
04.10.2005,10564
03.10.2005,10618
30.09.2005,10581
29.09.2005,10511
28.09.2005,10488
27.09.2005,10487
26.09.2005,10493
23.09.2005,10439
22.09.2005,10406
21.09.2005,10518
20.09.2005,10603
19.09.2005,10659
16.09.2005,10599
15.09.2005,10553
14.09.2005,10622
13.09.2005,10670
12.09.2005,10695
09.09.2005,10595
08.09.2005,10612
07.09.2005,10591
06.09.2005,10493
02.09.2005,10460
01.09.2005,10497
31.08.2005,10399
30.08.2005,10477
29.08.2005,10345
26.08.2005,10458
25.08.2005,10438
24.08.2005,10549
23.08.2005,10593
22.08.2005,10589
19.08.2005,10572
18.08.2005,10567
17.08.2005,10543
16.08.2005,10660
15.08.2005,10596
12.08.2005,10683
11.08.2005,10622
10.08.2005,10630
09.08.2005,10551
08.08.2005,10568
05.08.2005,10620
04.08.2005,10712
03.08.2005,10678
02.08.2005,10637
01.08.2005,10674
29.07.2005,10724
28.07.2005,10651
27.07.2005,10596
26.07.2005,10628
25.07.2005,10669
22.07.2005,10627
21.07.2005,10681
20.07.2005,10633
19.07.2005,10631
18.07.2005,10650
15.07.2005,10648
14.07.2005,10584
13.07.2005,10529
12.07.2005,10538
11.07.2005,10473
08.07.2005,10352
07.07.2005,10285
06.07.2005,10384
05.07.2005,10332
01.07.2005,10302
30.06.2005,10387
29.06.2005,10426
28.06.2005,10325
27.06.2005,10317
24.06.2005,10442
23.06.2005,10634
22.06.2005,10640
21.06.2005,10636
20.06.2005,10636
17.06.2005,10603
16.06.2005,10575
15.06.2005,10555
14.06.2005,10554
13.06.2005,10515
10.06.2005,10500
09.06.2005,10483
08.06.2005,10496
07.06.2005,10470
06.06.2005,10476
03.06.2005,10557
02.06.2005,10550
01.06.2005,10483
31.05.2005,10553
27.05.2005,10536
26.05.2005,10478
25.05.2005,10493
24.05.2005,10535
23.05.2005,10479
20.05.2005,10494
19.05.2005,10466
18.05.2005,10334
17.05.2005,10251
16.05.2005,10150
13.05.2005,10200
12.05.2005,10301
11.05.2005,10266
10.05.2005,10367
09.05.2005,10343
06.05.2005,10344
05.05.2005,10367
04.05.2005,10286
03.05.2005,10253
02.05.2005,10193
29.04.2005,10062
28.04.2005,10194
27.04.2005,10155
26.04.2005,10251
25.04.2005,10186
22.04.2005,10209
21.04.2005,10025
20.04.2005,10170
19.04.2005,10093
18.04.2005,10063
15.04.2005,10234
14.04.2005,10411
13.04.2005,10517
12.04.2005,10460
11.04.2005,10463
08.04.2005,10571
07.04.2005,10522
06.04.2005,10486
05.04.2005,10445
04.04.2005,10421
01.04.2005,10527
31.03.2005,10560
30.03.2005,10440
29.03.2005,10505
28.03.2005,10491
24.03.2005,10478
23.03.2005,10479
22.03.2005,10577
21.03.2005,10635
18.03.2005,10660
17.03.2005,10641
16.03.2005,10750
15.03.2005,10809
14.03.2005,10790
11.03.2005,10854
10.03.2005,10809
09.03.2005,10916
08.03.2005,10925
07.03.2005,10970
04.03.2005,10825
03.03.2005,10809
02.03.2005,10809
01.03.2005,10775
28.02.2005,10845
25.02.2005,10751
24.02.2005,10688
23.02.2005,10618
22.02.2005,10787
18.02.2005,10761
17.02.2005,10838
16.02.2005,10841
15.02.2005,10790
14.02.2005,10813
11.02.2005,10755
10.02.2005,10668
09.02.2005,10720
08.02.2005,10698
07.02.2005,10711
04.02.2005,10585
03.02.2005,10577
02.02.2005,10553
01.02.2005,10481
31.01.2005,10481
28.01.2005,10474
27.01.2005,10480
26.01.2005,10479
25.01.2005,10392
24.01.2005,10407
21.01.2005,10481
20.01.2005,10496
19.01.2005,10623
18.01.2005,10560
14.01.2005,10506
13.01.2005,10616
12.01.2005,10584
11.01.2005,10622
10.01.2005,10613
07.01.2005,10619
06.01.2005,10590
05.01.2005,10650
04.01.2005,10748
03.01.2005,10781
31.12.2004,10809
30.12.2004,10843
29.12.2004,10867
28.12.2004,10801
27.12.2004,10839
23.12.2004,10816
22.12.2004,10761
21.12.2004,10683
20.12.2004,10667
17.12.2004,10715
16.12.2004,10692
15.12.2004,10674
14.12.2004,10640
13.12.2004,10569
10.12.2004,10554
09.12.2004,10494
08.12.2004,10445
07.12.2004,10545
06.12.2004,10571
03.12.2004,10628
02.12.2004,10585
01.12.2004,10461
30.11.2004,10452
29.11.2004,10515
26.11.2004,10552
24.11.2004,10523
23.11.2004,10499
22.11.2004,10457
19.11.2004,10585
18.11.2004,10565
17.11.2004,10515
16.11.2004,10560
15.11.2004,10540
12.11.2004,10475
11.11.2004,10409
10.11.2004,10393
09.11.2004,10393
08.11.2004,10382
05.11.2004,10293
04.11.2004,10137
03.11.2004,10013
02.11.2004,10039
01.11.2004,10002
29.10.2004,9996
28.10.2004,9986
27.10.2004,9878
26.10.2004,9767
25.10.2004,9721
22.10.2004,9860
21.10.2004,9873
20.10.2004,9870
19.10.2004,9959
18.10.2004,9939
15.10.2004,9891
14.10.2004,9972
13.10.2004,10098
12.10.2004,10098
11.10.2004,10060
08.10.2004,10120
07.10.2004,10239
06.10.2004,10183
05.10.2004,10197
04.10.2004,10194
01.10.2004,10064
30.09.2004,10120
29.09.2004,10065
28.09.2004,9993
27.09.2004,10063
24.09.2004,10030
23.09.2004,10091
22.09.2004,10216
21.09.2004,10194
20.09.2004,10277
17.09.2004,10244
16.09.2004,10236
15.09.2004,10325
14.09.2004,10324
13.09.2004,10300
10.09.2004,10277
09.09.2004,10327
08.09.2004,10335
07.09.2004,10301
03.09.2004,10284
02.09.2004,10172
01.09.2004,10170
31.08.2004,10127
30.08.2004,10196
27.08.2004,10167
26.08.2004,10175
25.08.2004,10100
24.08.2004,10085
23.08.2004,10109
20.08.2004,10030
19.08.2004,10078
18.08.2004,9969
17.08.2004,9934
16.08.2004,9820
13.08.2004,9821
12.08.2004,9934
11.08.2004,9893
10.08.2004,9805
09.08.2004,9802
06.08.2004,9935
05.08.2004,10101
04.08.2004,10085
03.08.2004,10152
02.08.2004,10083
30.07.2004,10126
29.07.2004,10108
28.07.2004,10061
27.07.2004,9956
26.07.2004,9963
23.07.2004,10007
22.07.2004,10012
21.07.2004,10174
20.07.2004,10066
19.07.2004,10143
16.07.2004,10130
15.07.2004,10207
14.07.2004,10199
13.07.2004,10227
12.07.2004,10211
09.07.2004,10183
08.07.2004,10177
07.07.2004,10204
06.07.2004,10283
02.07.2004,10304
01.07.2004,10431
30.06.2004,10398
29.06.2004,10319
28.06.2004,10402
25.06.2004,10437
24.06.2004,10462
23.06.2004,10389
22.06.2004,10359
21.06.2004,10422
18.06.2004,10361
17.06.2004,10366
16.06.2004,10389
15.06.2004,10353
14.06.2004,10385
11.06.2004,10404
10.06.2004,10371
09.06.2004,10427
08.06.2004,10376
07.06.2004,10273
04.06.2004,10195
03.06.2004,10254
02.06.2004,10202
01.06.2004,10202
28.05.2004,10212
27.05.2004,10116
26.05.2004,10100
25.05.2004,9975
24.05.2004,9995
21.05.2004,9946
20.05.2004,9918
19.05.2004,9960
18.05.2004,9908
17.05.2004,9993
14.05.2004,9987
13.05.2004,10048
12.05.2004,9985
11.05.2004,9961
10.05.2004,10079
07.05.2004,10223
06.05.2004,10302
05.05.2004,10277
04.05.2004,10300
03.05.2004,10205
30.04.2004,10257
29.04.2004,10334
28.04.2004,10466
27.04.2004,10462
26.04.2004,10441
23.04.2004,10457
22.04.2004,10302
21.04.2004,10280
20.04.2004,10409
19.04.2004,10429
16.04.2004,10340
15.04.2004,10389
14.04.2004,10349
13.04.2004,10501
12.04.2004,10408
08.04.2004,10515
07.04.2004,10500
06.04.2004,10527
05.04.2004,10454
02.04.2004,10365
01.04.2004,10349
31.03.2004,10350
30.03.2004,10303
29.03.2004,10205
26.03.2004,10183
25.03.2004,10037
24.03.2004,10010
23.03.2004,10028
22.03.2004,10132
19.03.2004,10302
18.03.2004,10307
17.03.2004,10180
16.03.2004,10127
15.03.2004,10215
12.03.2004,10125
11.03.2004,10272
10.03.2004,10448
09.03.2004,10505
08.03.2004,10602
05.03.2004,10580
04.03.2004,10589
03.03.2004,10585
02.03.2004,10676
01.03.2004,10605
27.02.2004,10578
26.02.2004,10603
25.02.2004,10568
24.02.2004,10604
23.02.2004,10630
20.02.2004,10661
19.02.2004,10686
18.02.2004,10707
17.02.2004,10637
13.02.2004,10697
12.02.2004,10708
11.02.2004,10586
10.02.2004,10573
09.02.2004,10560
06.02.2004,10470
05.02.2004,10432
04.02.2004,10446
03.02.2004,10471
02.02.2004,10470
30.01.2004,10472
29.01.2004,10468
28.01.2004,10586
27.01.2004,10675
26.01.2004,10555
23.01.2004,10600
22.01.2004,10603
21.01.2004,10504
20.01.2004,10580
16.01.2004,10563
15.01.2004,10495
14.01.2004,10409
13.01.2004,10481
12.01.2004,10425
09.01.2004,10570
08.01.2004,10517
07.01.2004,10510
06.01.2004,10522
05.01.2004,10424
02.01.2004,10417
31.12.2003,10406
30.12.2003,10426
29.12.2003,10292
26.12.2003,10289
24.12.2003,10290
23.12.2003,10330
22.12.2003,10198
19.12.2003,10220
18.12.2003,10160
17.12.2003,10115
16.12.2003,10012
15.12.2003,10160
12.12.2003,10016
11.12.2003,9932
10.12.2003,9915
09.12.2003,9961
08.12.2003,9848
05.12.2003,9905
04.12.2003,9872
03.12.2003,9854
02.12.2003,9887
01.12.2003,9779
28.11.2003,9780
26.11.2003,9763
25.11.2003,9735
24.11.2003,9630
21.11.2003,9604
20.11.2003,9703
19.11.2003,9600
18.11.2003,9699
17.11.2003,9717
14.11.2003,9821
13.11.2003,9842
12.11.2003,9727
11.11.2003,9730
10.11.2003,9765
07.11.2003,9848
06.11.2003,9817
05.11.2003,9802
04.11.2003,9814
03.11.2003,9763
31.10.2003,9776
30.10.2003,9752
29.10.2003,9701
28.10.2003,9596
27.10.2003,9566
24.10.2003,9519
23.10.2003,9558
22.10.2003,9699
21.10.2003,9783
20.10.2003,9694
17.10.2003,9760
16.10.2003,9748
15.10.2003,9790
14.10.2003,9753
13.10.2003,9679
10.10.2003,9650
09.10.2003,9622
08.10.2003,9610
07.10.2003,9574
06.10.2003,9532
03.10.2003,9468
02.10.2003,9428
01.10.2003,9266
30.09.2003,9341
29.09.2003,9279
26.09.2003,9289
25.09.2003,9399
24.09.2003,9530
23.09.2003,9513
22.09.2003,9564
19.09.2003,9627
18.09.2003,9579
17.09.2003,9560
16.09.2003,9452
15.09.2003,9480
12.09.2003,9469
11.09.2003,9428
10.09.2003,9509
09.09.2003,9589
08.09.2003,9502
05.09.2003,9585
04.09.2003,9558
03.09.2003,9521
02.09.2003,9432
29.08.2003,9363
28.08.2003,9317
27.08.2003,9342
26.08.2003,9314
25.08.2003,9342
22.08.2003,9413
21.08.2003,9389
20.08.2003,9395
19.08.2003,9408
18.08.2003,9320
15.08.2003,9264
14.08.2003,9262
13.08.2003,9279
12.08.2003,9209
11.08.2003,9179
08.08.2003,9108
07.08.2003,9034
06.08.2003,8976
05.08.2003,9154
04.08.2003,9120
01.08.2003,9218
31.07.2003,9183
30.07.2003,9194
29.07.2003,9233
28.07.2003,9282
25.07.2003,9078
24.07.2003,9190
23.07.2003,9149
22.07.2003,9088
21.07.2003,9150
18.07.2003,9035
17.07.2003,9051
16.07.2003,9147
15.07.2003,9159
14.07.2003,9111
11.07.2003,9007
10.07.2003,9117
09.07.2003,9197
08.07.2003,9196
07.07.2003,9060
03.07.2003,9129
02.07.2003,9027
01.07.2003,8950
30.06.2003,8975
27.06.2003,9057
26.06.2003,8975
25.06.2003,9085
24.06.2003,9064
23.06.2003,9140
20.06.2003,9149
19.06.2003,9300
18.06.2003,9311
17.06.2003,9329
16.06.2003,9103
13.06.2003,9230
12.06.2003,9188
11.06.2003,9069
10.06.2003,8990
09.06.2003,9045
06.06.2003,9050
05.06.2003,9027
04.06.2003,8938
03.06.2003,8879
02.06.2003,8890
30.05.2003,8718
29.05.2003,8764
28.05.2003,8754
27.05.2003,8593
23.05.2003,8590
22.05.2003,8490
21.05.2003,8491
20.05.2003,8482
19.05.2003,8629
16.05.2003,8687
15.05.2003,8648
14.05.2003,8662
13.05.2003,8683
12.05.2003,8590
09.05.2003,8494
08.05.2003,8526
07.05.2003,8556
06.05.2003,8500
05.05.2003,8532
02.05.2003,8452
01.05.2003,8449
30.04.2003,8465
29.04.2003,8436
28.04.2003,8283
25.04.2003,8411
24.04.2003,8473
23.04.2003,8470
22.04.2003,8319
21.04.2003,8339
17.04.2003,8237
16.04.2003,8473
15.04.2003,8340
14.04.2003,8201
11.04.2003,8212
10.04.2003,8176
09.04.2003,8278
08.04.2003,8254
07.04.2003,8358
04.04.2003,8198
03.04.2003,8240
02.04.2003,8075
01.04.2003,7950
31.03.2003,8075
28.03.2003,8185
27.03.2003,8186
26.03.2003,8242
25.03.2003,8391
24.03.2003,8391
21.03.2003,8260
20.03.2003,8300
19.03.2003,8155
18.03.2003,8103
17.03.2003,7820
14.03.2003,7825
13.03.2003,7574
12.03.2003,7527
11.03.2003,7554
10.03.2003,7727
07.03.2003,7674
06.03.2003,7771
05.03.2003,7696
04.03.2003,7831
03.03.2003,7938
28.02.2003,7890
27.02.2003,7803
26.02.2003,7930
25.02.2003,7843
24.02.2003,8024
21.02.2003,7925
20.02.2003,8005
19.02.2003,8037
18.02.2003,7949
14.02.2003,7757
13.02.2003,7736
12.02.2003,7828
11.02.2003,7924
10.02.2003,7875
07.02.2003,7949
06.02.2003,7961
05.02.2003,8015
04.02.2003,8082
03.02.2003,8080
31.01.2003,7898
30.01.2003,8080
29.01.2003,8040
28.01.2003,7995
27.01.2003,8116
24.01.2003,8326
23.01.2003,8323
22.01.2003,8435
21.01.2003,8593
17.01.2003,8667
16.01.2003,8722
15.01.2003,8819
14.01.2003,8775
13.01.2003,8761
10.01.2003,8742
09.01.2003,8602
08.01.2003,8730
07.01.2003,8727
06.01.2003,8630
03.01.2003,8586
02.01.2003,8320
31.12.2002,8300
30.12.2002,8261
27.12.2002,8425
26.12.2002,8445
24.12.2002,8490
23.12.2002,8502
20.12.2002,8378
19.12.2002,8450
18.12.2002,8553
17.12.2002,8613
16.12.2002,8402
13.12.2002,8535
12.12.2002,8596
11.12.2002,8550
10.12.2002,8481
09.12.2002,8675
06.12.2002,8640
05.12.2002,8742
04.12.2002,8736
03.12.2002,8885
02.12.2002,8870
29.11.2002,8920
27.11.2002,8689
26.11.2002,8819
25.11.2002,8820
22.11.2002,8843
21.11.2002,8665
20.11.2002,8499
19.11.2002,8474
18.11.2002,8562
15.11.2002,8510
14.11.2002,8404
13.11.2002,8362
12.11.2002,8348
11.11.2002,8490
08.11.2002,8588
07.11.2002,8729
06.11.2002,8682
05.11.2002,8545
04.11.2002,8575
01.11.2002,8336
31.10.2002,8390
30.10.2002,8352
29.10.2002,8374
28.10.2002,8450
25.10.2002,8267
24.10.2002,8520
23.10.2002,8424
22.10.2002,8477
21.10.2002,8285
18.10.2002,8321
17.10.2002,8153
16.10.2002,8164
15.10.2002,7872
14.10.2002,7825
11.10.2002,7486
10.10.2002,7263
09.10.2002,7512
08.10.2002,7461
07.10.2002,7521
04.10.2002,7733
03.10.2002,7735
02.10.2002,7952
01.10.2002,7563
30.09.2002,7650
27.09.2002,7943
26.09.2002,7832
25.09.2002,7640
24.09.2002,7853
23.09.2002,7915
20.09.2002,7922
19.09.2002,8098
18.09.2002,8137
17.09.2002,8535
16.09.2002,8333
13.09.2002,8359
12.09.2002,8558
11.09.2002,8730
10.09.2002,8498
09.09.2002,8428
06.09.2002,8292
05.09.2002,8378
04.09.2002,8297
03.09.2002,8568
30.08.2002,8650
29.08.2002,8690
28.08.2002,8845
27.08.2002,8900
26.08.2002,8875
23.08.2002,9075
22.08.2002,8987
21.08.2002,8884
20.08.2002,8951
19.08.2002,8830
16.08.2002,8775
15.08.2002,8720
14.08.2002,8482
13.08.2002,8675
12.08.2002,8721
09.08.2002,8675
08.08.2002,8440
07.08.2002,8325
06.08.2002,8022
05.08.2002,8295
02.08.2002,8460
01.08.2002,8687
31.07.2002,8660
30.07.2002,8645
29.07.2002,8290
26.07.2002,8170
25.07.2002,8200
24.07.2002,7685
23.07.2002,7815
22.07.2002,7920
19.07.2002,8351
18.07.2002,8520
17.07.2002,8439
16.07.2002,8662
15.07.2002,8636
12.07.2002,8830
11.07.2002,8803
10.07.2002,9096
09.07.2002,9295
08.07.2002,9393
05.07.2002,9052
03.07.2002,9025
02.07.2002,9076
01.07.2002,9225
28.06.2002,9289
27.06.2002,9140
26.06.2002,9000
25.06.2002,9338
24.06.2002,9270
21.06.2002,9420
20.06.2002,9555
19.06.2002,9640
18.06.2002,9651
17.06.2002,9515
14.06.2002,9505
13.06.2002,9652
12.06.2002,9546
11.06.2002,9642
10.06.2002,9614
07.06.2002,9546
06.06.2002,9800
05.06.2002,9735
04.06.2002,9700
03.06.2002,9899
31.05.2002,9935
30.05.2002,9940
29.05.2002,9995
28.05.2002,10125
24.05.2002,10221
23.05.2002,10127
22.05.2002,10135
21.05.2002,10232
20.05.2002,10335
17.05.2002,10333
16.05.2002,10267
15.05.2002,10291
14.05.2002,10110
13.05.2002,9938
10.05.2002,10041
09.05.2002,10127
08.05.2002,9875
07.05.2002,9800
06.05.2002,10004
03.05.2002,10074
02.05.2002,10076
01.05.2002,9963
30.04.2002,9836
29.04.2002,9907
26.04.2002,10036
25.04.2002,10015
24.04.2002,10115
23.04.2002,10148
22.04.2002,10247
19.04.2002,10140
18.04.2002,10238
17.04.2002,10309
16.04.2002,10141
15.04.2002,10196
12.04.2002,10210
11.04.2002,10378
10.04.2002,10229
09.04.2002,10290
08.04.2002,10278