date,ipca_acc
2006-05-02,0.003331723277
2006-05-03,0.006663557558
2006-05-04,0.009995502846
2006-05-05,0.01332755915
2006-05-08,0.01665972646
2006-05-09,0.01999200479
2006-05-10,0.02332439415
2006-05-11,0.02665689453
2006-05-12,0.02998950594
2006-05-15,0.03332222838
2006-05-16,0.03665506187
2006-05-17,0.03998800639
2006-05-18,0.04332106196
2006-05-19,0.04665422857
2006-05-22,0.04998750624
2006-05-23,0.05332089496
2006-05-24,0.05665439474
2006-05-25,0.05998800559
2006-05-26,0.0633217275
2006-05-29,0.06665556048
2006-05-30,0.06998950453
2006-05-31,0.07332355967
2006-06-01,0.06631130701
2006-06-02,0.0592995457
2006-06-05,0.05228827572
2006-06-06,0.04527749702
2006-06-07,0.03826720958
2006-06-08,0.03125741335
2006-06-09,0.02424810831
2006-06-12,0.01723929442
2006-06-13,0.01023097165
2006-06-14,0.003223139959
2006-06-16,-0.003784200687
2006-06-19,-0.01079105032
2006-06-20,-0.01779740898
2006-06-21,-0.02480327669
2006-06-22,-0.03180865349
2006-06-23,-0.03881353942
2006-06-26,-0.0458179345
2006-06-27,-0.05282183879
2006-06-28,-0.05982525229
2006-06-29,-0.06682817507
2006-06-30,-0.07383060714
2006-07-03,-0.06750775433
2006-07-04,-0.06118450144
2006-07-05,-0.05486084845
2006-07-06,-0.04853679533
2006-07-07,-0.04221234205
2006-07-10,-0.03588748859
2006-07-11,-0.02956223493
2006-07-12,-0.02323658103
2006-07-13,-0.01691052687
2006-07-14,-0.01058407243
2006-07-17,-0.004257217687
2006-07-18,0.002070037392
2006-07-19,0.00839769283
2006-07-20,0.01472574865
2006-07-21,0.02105420488
2006-07-24,0.02738306155
2006-07-25,0.03371231868
2006-07-26,0.04004197629
2006-07-27,0.04637203441
2006-07-28,0.05270249307
2006-07-31,0.05903335229
2006-08-01,0.06070059996
2006-08-02,0.06236787541
2006-08-03,0.06403517864
2006-08-04,0.06570250966
2006-08-07,0.06736986846
2006-08-08,0.06903725504
2006-08-09,0.0707046694
2006-08-10,0.07237211154
2006-08-11,0.07403958148
2006-08-14,0.07570707919
2006-08-15,0.07737460469
2006-08-16,0.07904215798
2006-08-17,0.08070973905
2006-08-18,0.0823773479
2006-08-21,0.08404498455
2006-08-22,0.08571264898
2006-08-23,0.0873803412
2006-08-24,0.08904806121
2006-08-25,0.090715809
2006-08-28,0.09238358459
2006-08-29,0.09405138796
2006-08-30,0.09571921912
2006-08-31,0.09738707808
2006-09-01,0.104386793
2006-09-04,0.1113869975
2006-09-05,0.1183876914
2006-09-06,0.1253888749
2006-09-08,0.132390548
2006-09-11,0.1393927107
2006-09-12,0.1463953631
2006-09-13,0.1533985051
2006-09-14,0.1604021369
2006-09-15,0.1674062585
2006-09-18,0.1744108698
2006-09-19,0.1814159709
2006-09-20,0.1884215619
2006-09-21,0.1954276429
2006-09-22,0.2024342137
2006-09-25,0.2094412745
2006-09-26,0.2164488253
2006-09-27,0.2234568661
2006-09-28,0.230465397
2006-09-29,0.237474418
2006-10-02,0.2484829915
2006-10-03,0.259492774
2006-10-04,0.2705037656
2006-10-05,0.2815159665
2006-10-06,0.2925293768
2006-10-09,0.3035439967
2006-10-10,0.3145598263
2006-10-11,0.3255768657
2006-10-13,0.336595115
2006-10-16,0.3476145744
2006-10-17,0.358635244
2006-10-18,0.3696571239
2006-10-19,0.3806802144
2006-10-20,0.3917045154
2006-10-23,0.4027300272
2006-10-24,0.4137567499
2006-10-25,0.4247846835
2006-10-26,0.4358138283
2006-10-27,0.4468441844
2006-10-30,0.4578757519
2006-10-31,0.4689085309
2006-11-01,0.4792747943
2006-11-03,0.4896421273
2006-11-06,0.5000105299
2006-11-07,0.5103800024
2006-11-08,0.5207505447
2006-11-09,0.5311221571
2006-11-10,0.5414948396
2006-11-13,0.5518685923
2006-11-14,0.5622434154
2006-11-16,0.572619309
2006-11-17,0.5829962731
2006-11-21,0.5933743079
2006-11-22,0.6037534135
2006-11-23,0.6141335901
2006-11-24,0.6245148376
2006-11-27,0.6348971562
2006-11-28,0.6452805461
2006-11-29,0.6556650074
2006-11-30,0.66605054
2006-12-01,0.6821198581
2006-12-04,0.6981917412
2006-12-05,0.7142661899
2006-12-06,0.7303432046
2006-12-07,0.7464227857
2006-12-08,0.7625049335
2006-12-11,0.7785896485
2006-12-12,0.7946769311
2006-12-13,0.8107667818
2006-12-14,0.8268592008
2006-12-15,0.8429541887
2006-12-18,0.8590517459
2006-12-19,0.8751518727
2006-12-20,0.8912545695
2006-12-21,0.9073598368
2006-12-22,0.923467675
2006-12-26,0.9395780845
2006-12-27,0.9556910658
2006-12-28,0.9718066191
2007-01-02,0.9865844137
2007-01-03,1.001364371
2007-01-04,1.016146492
2007-01-05,1.030930776
2007-01-08,1.045717223
2007-01-09,1.060505835
2007-01-10,1.075296612
2007-01-11,1.090089553
2007-01-12,1.104884659
2007-01-15,1.11968193
2007-01-16,1.134481367
2007-01-17,1.14928297
2007-01-18,1.164086739
2007-01-19,1.178892675
2007-01-22,1.193700778
2007-01-23,1.208511048
2007-01-24,1.223323486
2007-01-26,1.238138091
2007-01-29,1.252954865
2007-01-30,1.267773807
2007-01-31,1.282594918
2007-02-01,1.297418199
2007-02-02,1.312243648
2007-02-05,1.327071268
2007-02-06,1.341901057
2007-02-07,1.356733017
2007-02-08,1.371567148
2007-02-09,1.38640345
2007-02-12,1.401241923
2007-02-13,1.416082568
2007-02-14,1.430925385
2007-02-15,1.445770374
2007-02-16,1.460617536
2007-02-20,1.475466871
2007-02-21,1.490318379
2007-02-22,1.505172061
2007-02-23,1.520027917
2007-02-26,1.534885947
2007-02-27,1.549746151
2007-02-28,1.56460853
2007-03-01,1.577112485
2007-03-02,1.589617979
2007-03-05,1.602125013
2007-03-06,1.614633586
2007-03-07,1.6271437
2007-03-08,1.639655353
2007-03-09,1.652168547
2007-03-12,1.664683282
2007-03-13,1.677199557
2007-03-14,1.689717373
2007-03-15,1.702236731
2007-03-16,1.714757629
2007-03-19,1.727280069
2007-03-20,1.739804051
2007-03-21,1.752329575
2007-03-22,1.76485664
2007-03-23,1.777385248
2007-03-26,1.789915398
2007-03-27,1.802447091
2007-03-28,1.814980327
2007-03-29,1.827515106
2007-03-30,1.840051428
2007-04-02,1.848527861
2007-04-03,1.857005
2007-04-04,1.865482844
2007-04-05,1.873961393
2007-04-09,1.882440649
2007-04-10,1.89092061
2007-04-11,1.899401277
2007-04-12,1.90788265
2007-04-13,1.916364729
2007-04-16,1.924847513
2007-04-17,1.933331004
2007-04-18,1.941815201
2007-04-19,1.950300104
2007-04-20,1.958785713
2007-04-23,1.967272029
2007-04-24,1.975759051
2007-04-25,1.984246779
2007-04-26,1.992735214
2007-04-27,2.001224355
2007-04-30,2.009714203
2007-05-02,2.019222249
2007-05-03,2.02873118
2007-05-04,2.038240998
2007-05-07,2.047751702
2007-05-08,2.057263293
2007-05-09,2.06677577
2007-05-10,2.076289134
2007-05-11,2.085803384
2007-05-14,2.095318522
2007-05-15,2.104834546
2007-05-16,2.114351457
2007-05-17,2.123869256
2007-05-18,2.133387941
2007-05-21,2.142907513
2007-05-22,2.152427973
2007-05-23,2.161949321
2007-05-24,2.171471555
2007-05-25,2.180994678
2007-05-28,2.190518687
2007-05-29,2.200043585
2007-05-30,2.20956937
2007-05-31,2.219096044
2007-06-01,2.228623605
2007-06-04,2.238152054
2007-06-05,2.247681392
2007-06-06,2.257211617
2007-06-08,2.266742731
2007-06-11,2.276274733
2007-06-12,2.285807624
2007-06-13,2.295341403
2007-06-14,2.304876071
2007-06-15,2.314411627
2007-06-18,2.323948073
2007-06-19,2.333485407
2007-06-20,2.34302363
2007-06-21,2.352562742
2007-06-22,2.362102743
2007-06-25,2.371643634
2007-06-26,2.381185414
2007-06-27,2.390728083
2007-06-28,2.400271641
2007-06-29,2.409816089
2007-07-02,2.417999386
2007-07-03,2.426183336
2007-07-04,2.434367941
2007-07-05,2.442553199
2007-07-06,2.450739112
2007-07-10,2.458925679
2007-07-11,2.467112899
2007-07-12,2.475300774
2007-07-13,2.483489304
2007-07-16,2.491678487
2007-07-17,2.499868325
2007-07-18,2.508058818
2007-07-19,2.516249965
2007-07-20,2.524441766
2007-07-23,2.532634222
2007-07-24,2.540827333
2007-07-25,2.549021098
2007-07-26,2.557215518
2007-07-27,2.565410593
2007-07-30,2.573606323
2007-07-31,2.581802707
2007-08-01,2.59783746
2007-08-02,2.61387472
2007-08-03,2.629914486
2007-08-06,2.645956759
2007-08-07,2.66200154
2007-08-08,2.678048829
2007-08-09,2.694098626
2007-08-10,2.710150932
2007-08-13,2.726205747
2007-08-14,2.742263072
2007-08-15,2.758322907
2007-08-16,2.774385252
2007-08-17,2.790450108
2007-08-20,2.806517475
2007-08-21,2.822587353
2007-08-22,2.838659744
2007-08-23,2.854734646
2007-08-24,2.870812062
2007-08-27,2.88689199
2007-08-28,2.902974432
2007-08-29,2.919059388
2007-08-30,2.935146858
2007-08-31,2.951236843
2007-09-03,2.95740855
2007-09-04,2.963580626
2007-09-05,2.969753072
2007-09-06,2.975925889
2007-09-10,2.982099075
2007-09-11,2.988272632
2007-09-12,2.994446559
2007-09-13,3.000620856
2007-09-14,3.006795523
2007-09-17,3.01297056
2007-09-18,3.019145967
2007-09-19,3.025321744
2007-09-20,3.031497892
2007-09-21,3.03767441
2007-09-24,3.043851298
2007-09-25,3.050028557
2007-09-26,3.056206186
2007-09-27,3.062384185
2007-09-28,3.068562554
2007-10-01,3.078854495
2007-10-02,3.089147463
2007-10-03,3.09944146
2007-10-04,3.109736484
2007-10-05,3.120032536
2007-10-08,3.130329616
2007-10-09,3.140627724
2007-10-10,3.150926861
2007-10-11,3.161227026
2007-10-15,3.17152822
2007-10-16,3.181830442
2007-10-17,3.192133693
2007-10-18,3.202437973
2007-10-19,3.212743282
2007-10-22,3.22304962
2007-10-23,3.233356987
2007-10-24,3.243665383
2007-10-25,3.253974809
2007-10-26,3.264285264
2007-10-29,3.274596748
2007-10-30,3.284909262
2007-10-31,3.295222806
2007-11-01,3.308282897
2007-11-05,3.321344638
2007-11-06,3.334408031
2007-11-07,3.347473076
2007-11-08,3.360539772
2007-11-09,3.37360812
2007-11-12,3.386678121
2007-11-13,3.399749775
2007-11-14,3.412823081
2007-11-16,3.42589804
2007-11-19,3.438974652
2007-11-21,3.452052917
2007-11-22,3.465132836
2007-11-23,3.478214409
2007-11-26,3.491297635
2007-11-27,3.504382516
2007-11-28,3.517469051
2007-11-29,3.530557241
2007-11-30,3.543647086
2007-12-03,3.569096942
2007-12-04,3.594553053
2007-12-05,3.620015422
2007-12-06,3.645484048
2007-12-07,3.670958935
2007-12-10,3.696440083
2007-12-11,3.721927494
2007-12-12,3.74742117
2007-12-13,3.772921111
2007-12-14,3.79842732
2007-12-17,3.823939799
2007-12-18,3.849458548
2007-12-19,3.874983569
2007-12-20,3.900514864
2007-12-21,3.926052434
2007-12-26,3.951596281
2007-12-27,3.977146407
2007-12-28,4.002702812
2008-01-02,4.02137461
2008-01-03,4.040049761
2008-01-04,4.058728264
2008-01-07,4.077410121
2008-01-08,4.096095331
2008-01-09,4.114783897
2008-01-10,4.133475817
2008-01-11,4.152171093
2008-01-14,4.170869726
2008-01-15,4.189571716
2008-01-16,4.208277063
2008-01-17,4.226985768
2008-01-18,4.245697833
2008-01-21,4.264413256
2008-01-22,4.28313204
2008-01-23,4.301854184
2008-01-24,4.32057969
2008-01-28,4.339308557
2008-01-29,4.358040787
2008-01-30,4.37677638
2008-01-31,4.395515336
2008-02-01,4.41252635
2008-02-06,4.429540135
2008-02-07,4.446556693
2008-02-08,4.463576024
2008-02-11,4.480598128
2008-02-12,4.497623006
2008-02-13,4.514650658
2008-02-14,4.531681084
2008-02-15,4.548714286
2008-02-18,4.565750263
2008-02-19,4.582789016
2008-02-20,4.599830545
2008-02-21,4.616874852
2008-02-22,4.633921935
2008-02-25,4.650971797
2008-02-26,4.668024437
2008-02-27,4.685079855
2008-02-28,4.702138053
2008-02-29,4.71919903
2008-03-03,4.735915352
2008-03-04,4.752634342
2008-03-05,4.769356001
2008-03-06,4.78608033
2008-03-07,4.802807328
2008-03-10,4.819536996
2008-03-11,4.836269335
2008-03-12,4.853004345
2008-03-13,4.869742026
2008-03-14,4.88648238
2008-03-17,4.903225405
2008-03-18,4.919971103
2008-03-19,4.936719474
2008-03-20,4.953470519
2008-03-24,4.970224238
2008-03-25,4.986980631
2008-03-26,5.003739699
2008-03-27,5.020501442
2008-03-28,5.037265861
2008-03-31,5.054032956
2008-04-01,5.073241846
2008-04-02,5.092454249
2008-04-03,5.111670165
2008-04-04,5.130889595
2008-04-07,5.150112538
2008-04-08,5.169338997
2008-04-09,5.188568971
2008-04-10,5.207802461
2008-04-11,5.227039468
2008-04-14,5.246279993
2008-04-15,5.265524035
2008-04-16,5.284771597
2008-04-17,5.304022677
2008-04-18,5.323277278
2008-04-22,5.342535399
2008-04-23,5.361797042
2008-04-24,5.381062207
2008-04-25,5.400330894
2008-04-28,5.419603104
2008-04-29,5.438878839
2008-04-30,5.458158098
2008-05-02,5.485823254
2008-05-05,5.513495668
2008-05-06,5.541175342
2008-05-07,5.568862277
2008-05-08,5.596556475
2008-05-09,5.624257938
2008-05-12,5.651966668
2008-05-13,5.679682667
2008-05-14,5.707405937
2008-05-15,5.73513648
2008-05-16,5.762874297
2008-05-19,5.790619391
2008-05-20,5.818371763
2008-05-21,5.846131415
2008-05-23,5.87389835
2008-05-26,5.901672569
2008-05-27,5.929454074
2008-05-28,5.957242868
2008-05-29,5.985038951
2008-05-30,6.012842326
2008-06-02,6.038899082
2008-06-03,6.064962243
2008-06-04,6.09103181
2008-06-05,6.117107784
2008-06-06,6.143190168
2008-06-09,6.169278963
2008-06-10,6.195374169
2008-06-11,6.22147579
2008-06-12,6.247583826
2008-06-13,6.27369828
2008-06-16,6.299819151
2008-06-17,6.325946444
2008-06-18,6.352080157
2008-06-19,6.378220295
2008-06-20,6.404366857
2008-06-23,6.430519846
2008-06-24,6.456679262
2008-06-25,6.482845109
2008-06-26,6.509017387
2008-06-27,6.535196098
2008-06-30,6.561381243
2008-07-01,6.580159028
2008-07-02,6.598940122
2008-07-03,6.617724526
2008-07-04,6.63651224
2008-07-07,6.655303265
2008-07-08,6.674097601
2008-07-10,6.692895248
2008-07-11,6.711696209
2008-07-14,6.730500482
2008-07-15,6.749308069
2008-07-16,6.76811897
2008-07-17,6.786933186
2008-07-18,6.805750717
2008-07-21,6.824571564
2008-07-22,6.843395727
2008-07-23,6.862223208
2008-07-24,6.881054007
2008-07-25,6.899888123
2008-07-28,6.918725559
2008-07-29,6.937566314
2008-07-30,6.956410389
2008-07-31,6.975257785
2008-08-01,6.985228655
2008-08-04,6.995200454
2008-08-05,7.005173183
2008-08-06,7.015146841
2008-08-07,7.025121429
2008-08-08,7.035096947
2008-08-11,7.045073394
2008-08-12,7.055050772
2008-08-13,7.065029079
2008-08-14,7.075008316
2008-08-15,7.084988484
2008-08-18,7.094969581
2008-08-19,7.104951609
2008-08-20,7.114934568
2008-08-21,7.124918457
2008-08-22,7.134903276
2008-08-25,7.144889026
2008-08-26,7.154875707
2008-08-27,7.164863319
2008-08-28,7.174851861
2008-08-29,7.184841335
2008-09-01,7.194119034
2008-09-02,7.203397536
2008-09-03,7.212676841
2008-09-04,7.22195695
2008-09-05,7.231237862
2008-09-08,7.240519577
2008-09-09,7.249802096
2008-09-10,7.259085418
2008-09-11,7.268369543
2008-09-12,7.277654472
2008-09-15,7.286940205
2008-09-16,7.296226742
2008-09-17,7.305514082
2008-09-18,7.314802227
2008-09-19,7.324091175
2008-09-22,7.333380927
2008-09-23,7.342671484
2008-09-24,7.351962844
2008-09-25,7.361255009
2008-09-26,7.370547978
2008-09-29,7.379841752
2008-09-30,7.38913633
2008-10-01,7.405209768
2008-10-02,7.421285611
2008-10-03,7.437363861
2008-10-06,7.453444517
2008-10-07,7.46952758
2008-10-08,7.48561305
2008-10-09,7.501700928
2008-10-10,7.517791214
2008-10-13,7.533883908
2008-10-14,7.549979011
2008-10-15,7.566076523
2008-10-16,7.582176444
2008-10-17,7.598278775
2008-10-20,7.614383516
2008-10-21,7.630490668
2008-10-22,7.64660023
2008-10-23,7.662712204
2008-10-24,7.678826589
2008-10-27,7.694943386
2008-10-28,7.711062595
2008-10-29,7.727184217
2008-10-30,7.743308252
2008-10-31,7.7594347
2008-11-03,7.772343385
2008-11-04,7.785253617
2008-11-05,7.798165395
2008-11-06,7.811078719
2008-11-07,7.823993591
2008-11-10,7.836910009
2008-11-11,7.849827975
2008-11-12,7.862747488
2008-11-13,7.875668549
2008-11-14,7.888591158
2008-11-17,7.901515315
2008-11-18,7.91444102
2008-11-19,7.927368273
2008-11-21,7.940297075
2008-11-24,7.953227426
2008-11-25,7.966159326
2008-11-26,7.979092775
2008-11-27,7.992027773
2008-11-28,8.004964321
2008-12-01,8.015031167
2008-12-02,8.025098951
2008-12-03,8.035167674
2008-12-04,8.045237335
2008-12-05,8.055307935
2008-12-08,8.065379473
2008-12-09,8.075451951
2008-12-10,8.085525367
2008-12-11,8.095599722
2008-12-12,8.105675016
2008-12-15,8.115751249
2008-12-16,8.125828421
2008-12-17,8.135906532
2008-12-18,8.145985583
2008-12-19,8.156065574
2008-12-22,8.166146503
2008-12-23,8.176228373
2008-12-26,8.186311182
2008-12-29,8.196394931
2008-12-30,8.20647962
2009-01-02,8.223752616
2009-01-05,8.24102837
2009-01-06,8.258306881
2009-01-07,8.275588151
2009-01-08,8.292872179
2009-01-09,8.310158967
2009-01-12,8.327448513
2009-01-13,8.34474082
2009-01-14,8.362035887
2009-01-15,8.379333715
2009-01-16,8.396634304
2009-01-19,8.413937655
2009-01-20,8.431243768
2009-01-21,8.448552643
2009-01-22,8.465864282
2009-01-23,8.483178684
2009-01-26,8.50049585
2009-01-27,8.51781578
2009-01-28,8.535138475
2009-01-29,8.552463935
2009-01-30,8.569792161
2009-02-02,8.5896439
2009-02-03,8.609499269
2009-02-04,8.629358269
2009-02-05,8.6492209
2009-02-06,8.669087162
2009-02-09,8.688957057
2009-02-10,8.708830586
2009-02-11,8.728707748
2009-02-12,8.748588544
2009-02-13,8.768472976
2009-02-16,8.788361044
2009-02-17,8.808252748
2009-02-18,8.828148089
2009-02-19,8.848047068
2009-02-20,8.867949685
2009-02-25,8.887855942
2009-02-26,8.907765838
2009-02-27,8.927679375
2009-03-02,8.93493421
2009-03-03,8.942189528
2009-03-04,8.949445329
2009-03-05,8.956701613
2009-03-06,8.963958381
2009-03-09,8.971215632
2009-03-10,8.978473366
2009-03-11,8.985731584
2009-03-12,8.992990285
2009-03-13,9.00024947
2009-03-16,9.007509138
2009-03-17,9.014769289
2009-03-18,9.022029924
2009-03-19,9.029291043
2009-03-20,9.036552645
2009-03-23,9.043814731
2009-03-24,9.051077301
2009-03-25,9.058340354
2009-03-26,9.065603891
2009-03-27,9.072867912
2009-03-30,9.080132416
2009-03-31,9.087397405
2009-04-01,9.104811022
2009-04-02,9.122227419
2009-04-03,9.139646596
2009-04-06,9.157068554
2009-04-07,9.174493293
2009-04-08,9.191920814
2009-04-09,9.209351116
2009-04-13,9.226784201
2009-04-14,9.244220068
2009-04-15,9.261658719
2009-04-16,9.279100154
2009-04-17,9.296544373
2009-04-20,9.313991376
2009-04-22,9.331441165
2009-04-23,9.348893739
2009-04-24,9.366349099
2009-04-27,9.383807245
2009-04-28,9.401268178
2009-04-29,9.418731899
2009-04-30,9.436198407
2009-05-04,9.453304583
2009-05-05,9.470413433
2009-05-06,9.487524958
2009-05-07,9.504639157
2009-05-08,9.521756031
2009-05-11,9.538875581
2009-05-12,9.555997807
2009-05-13,9.57312271
2009-05-14,9.590250289
2009-05-15,9.607380545
2009-05-18,9.624513479
2009-05-19,9.641649091
2009-05-20,9.658787382
2009-05-21,9.675928351
2009-05-22,9.693072
2009-05-25,9.710218329
2009-05-26,9.727367338
2009-05-27,9.744519027
2009-05-28,9.761673398
2009-05-29,9.77883045
2009-06-01,9.791981041
2009-06-02,9.805133209
2009-06-03,9.818286951
2009-06-04,9.83144227
2009-06-05,9.844599164
2009-06-08,9.857757634
2009-06-09,9.870917681
2009-06-10,9.884079304
2009-06-12,9.897242503
2009-06-15,9.91040728
2009-06-16,9.923573634
2009-06-17,9.936741564
2009-06-18,9.949911073
2009-06-19,9.963082158
2009-06-22,9.976254822
2009-06-23,9.989429064
2009-06-24,10.00260488
2009-06-25,10.01578228
2009-06-26,10.02896126
2009-06-29,10.04214181
2009-06-30,10.05532395
2009-07-01,10.06411818
2009-07-02,10.07291311
2009-07-03,10.08170874
2009-07-06,10.09050508
2009-07-07,10.09930212
2009-07-08,10.10809986
2009-07-10,10.11689831
2009-07-13,10.12569746
2009-07-14,10.13449731
2009-07-15,10.14329787
2009-07-16,10.15209912
2009-07-17,10.16090109
2009-07-20,10.16970375
2009-07-21,10.17850712
2009-07-22,10.18731119
2009-07-23,10.19611597
2009-07-24,10.20492145
2009-07-27,10.21372763
2009-07-28,10.22253452
2009-07-29,10.23134211
2009-07-30,10.2401504
2009-07-31,10.2489594
2009-08-03,10.25446785
2009-08-04,10.25997658
2009-08-05,10.26548559
2009-08-06,10.27099487
2009-08-07,10.27650443
2009-08-10,10.28201426
2009-08-11,10.28752437
2009-08-12,10.29303475
2009-08-13,10.29854541
2009-08-14,10.30405634
2009-08-17,10.30956755
2009-08-18,10.31507903
2009-08-19,10.32059079
2009-08-20,10.32610282
2009-08-21,10.33161513
2009-08-24,10.33712772
2009-08-25,10.34264058
2009-08-26,10.34815371
2009-08-27,10.35366713
2009-08-28,10.35918081
2009-08-31,10.36469478
2009-09-01,10.37351373
2009-09-02,10.38233338
2009-09-03,10.39115374
2009-09-04,10.3999748
2009-09-08,10.40879657
2009-09-09,10.41761905
2009-09-10,10.42644222
2009-09-11,10.43526611
2009-09-14,10.4440907
2009-09-15,10.45291599
2009-09-16,10.46174199
2009-09-17,10.4705687
2009-09-18,10.47939611
2009-09-21,10.48822422
2009-09-22,10.49705304
2009-09-23,10.50588257
2009-09-24,10.5147128
2009-09-25,10.52354374
2009-09-28,10.53237538
2009-09-29,10.54120773
2009-09-30,10.55004078
2009-10-01,10.56034485
2009-10-02,10.57064988
2009-10-05,10.58095586
2009-10-06,10.59126281
2009-10-07,10.60157072
2009-10-08,10.61187959
2009-10-09,10.62218942
2009-10-13,10.63250021
2009-10-14,10.64281196
2009-10-15,10.65312467
2009-10-16,10.66343834
2009-10-19,10.67375298
2009-10-20,10.68406858
2009-10-21,10.69438513
2009-10-22,10.70470265
2009-10-23,10.71502113
2009-10-26,10.72534058
2009-10-27,10.73566098
2009-10-28,10.74598235
2009-10-29,10.75630468
2009-10-30,10.76662797
2009-11-03,10.78173616
2009-11-04,10.7968464
2009-11-05,10.81195871
2009-11-06,10.82707308
2009-11-09,10.84218952
2009-11-10,10.85730801
2009-11-11,10.87242857
2009-11-12,10.88755118
2009-11-13,10.90267587
2009-11-16,10.91780261
2009-11-17,10.93293142
2009-11-18,10.94806229
2009-11-19,10.96319522
2009-11-23,10.97833022
2009-11-24,10.99346728
2009-11-25,11.00860641
2009-11-26,11.0237476
2009-11-27,11.03889086
2009-11-30,11.05403618
2009-12-01,11.06770841
2009-12-02,11.08138233
2009-12-03,11.09505792
2009-12-04,11.1087352
2009-12-07,11.12241417
2009-12-08,11.13609481
2009-12-09,11.14977715
2009-12-10,11.16346116
2009-12-11,11.17714686
2009-12-14,11.19083425
2009-12-15,11.20452332
2009-12-16,11.21821408
2009-12-17,11.23190652
2009-12-18,11.24560065
2009-12-21,11.25929646
2009-12-22,11.27299396
2009-12-23,11.28669315
2009-12-28,11.30039402
2009-12-29,11.31409658
2009-12-30,11.32780083
2010-01-04,11.35553238
2010-01-05,11.38327084
2010-01-06,11.41101621
2010-01-07,11.43876849
2010-01-08,11.46652769
2010-01-11,11.49429379
2010-01-12,11.52206682
2010-01-13,11.54984676
2010-01-14,11.57763363
2010-01-15,11.60542741
2010-01-18,11.63322812
2010-01-19,11.66103576
2010-01-20,11.68885032
2010-01-21,11.71667181
2010-01-22,11.74450023
2010-01-26,11.77233558
2010-01-27,11.80017786
2010-01-28,11.82802709
2010-01-29,11.85588324
2010-02-01,11.88485669
2010-02-02,11.91383764
2010-02-03,11.9428261
2010-02-04,11.97182206
2010-02-05,12.00082554
2010-02-08,12.02983653
2010-02-09,12.05885503
2010-02-10,12.08788106
2010-02-11,12.11691459
2010-02-12,12.14595565
2010-02-17,12.17500424
2010-02-18,12.20406034
2010-02-19,12.23312397
2010-02-22,12.26219513
2010-02-23,12.29127383
2010-02-24,12.32036005
2010-02-25,12.34945381
2010-02-26,12.3785551
2010-03-01,12.39798526
2010-03-02,12.41741878
2010-03-03,12.43685565
2010-03-04,12.45629589
2010-03-05,12.47573949
2010-03-08,12.49518645
2010-03-09,12.51463678
2010-03-10,12.53409047
2010-03-11,12.55354752
2010-03-12,12.57300793
2010-03-15,12.59247171
2010-03-16,12.61193885
2010-03-17,12.63140937
2010-03-18,12.65088324
2010-03-19,12.67036049
2010-03-22,12.6898411
2010-03-23,12.70932508
2010-03-24,12.72881243
2010-03-25,12.74830314
2010-03-26,12.76779723
2010-03-29,12.78729469
2010-03-30,12.80679552
2010-03-31,12.82629972
2010-04-01,12.84767788
2010-04-05,12.86906009
2010-04-06,12.89044635
2010-04-07,12.91183666
2010-04-08,12.93323102
2010-04-09,12.95462944
2010-04-12,12.97603192
2010-04-13,12.99743845
2010-04-14,13.01884903
2010-04-15,13.04026367
2010-04-16,13.06168237
2010-04-19,13.08310513
2010-04-20,13.10453195
2010-04-22,13.12596282
2010-04-23,13.14739776
2010-04-26,13.16883676
2010-04-27,13.19027982
2010-04-28,13.21172694
2010-04-29,13.23317813
2010-04-30,13.25463339
2010-05-03,13.27083291
2010-05-04,13.28703474
2010-05-05,13.3032389
2010-05-06,13.31944537
2010-05-07,13.33565416
2010-05-10,13.35186527
2010-05-11,13.3680787
2010-05-12,13.38429445
2010-05-13,13.40051252
2010-05-14,13.41673291
2010-05-17,13.43295561
2010-05-18,13.44918064
2010-05-19,13.46540799
2010-05-20,13.48163766
2010-05-21,13.49786965
2010-05-24,13.51410396
2010-05-25,13.5303406
2010-05-26,13.54657955
2010-05-27,13.56282083
2010-05-28,13.57906444
2010-05-31,13.59531036
2010-06-01,13.59531036
2010-06-02,13.59531036
2010-06-04,13.59531036
2010-06-07,13.59531036
2010-06-08,13.59531036
2010-06-09,13.59531036
2010-06-10,13.59531036
2010-06-11,13.59531036
2010-06-14,13.59531036
2010-06-15,13.59531036
2010-06-16,13.59531036
2010-06-17,13.59531036
2010-06-18,13.59531036
2010-06-21,13.59531036
2010-06-22,13.59531036
2010-06-23,13.59531036
2010-06-24,13.59531036
2010-06-25,13.59531036
2010-06-28,13.59531036
2010-06-29,13.59531036
2010-06-30,13.59531036
2010-07-01,13.595689
2010-07-02,13.59606763
2010-07-05,13.59644626
2010-07-06,13.5968249
2010-07-07,13.59720354
2010-07-08,13.59758218
2010-07-12,13.59796082
2010-07-13,13.59833946
2010-07-14,13.5987181
2010-07-15,13.59909675
2010-07-16,13.59947539
2010-07-19,13.59985404
2010-07-20,13.60023269
2010-07-21,13.60061134
2010-07-22,13.60098999
2010-07-23,13.60136864
2010-07-26,13.60174729
2010-07-27,13.60212594
2010-07-28,13.6025046
2010-07-29,13.60288326
2010-07-30,13.60326191
2010-08-02,13.60477633
2010-08-03,13.60629077
2010-08-04,13.60780523
2010-08-05,13.60931971
2010-08-06,13.6108342
2010-08-09,13.61234872
2010-08-10,13.61386326
2010-08-11,13.61537782
2010-08-12,13.6168924
2010-08-13,13.618407
2010-08-16,13.61992162
2010-08-17,13.62143626
2010-08-18,13.62295092
2010-08-19,13.6244656
2010-08-20,13.6259803
2010-08-23,13.62749502
2010-08-24,13.62900976
2010-08-25,13.63052452
2010-08-26,13.6320393
2010-08-27,13.6335541
2010-08-30,13.63506892
2010-08-31,13.63658376
2010-09-01,13.65359228
2010-09-02,13.67060335
2010-09-03,13.68761697
2010-09-06,13.70463313
2010-09-08,13.72165184
2010-09-09,13.73867309
2010-09-10,13.75569689
2010-09-13,13.77272324
2010-09-14,13.78975214
2010-09-15,13.80678359
2010-09-16,13.82381759
2010-09-17,13.84085414
2010-09-20,13.85789323
2010-09-21,13.87493488
2010-09-22,13.89197908
2010-09-23,13.90902583
2010-09-24,13.92607513
2010-09-27,13.94312698
2010-09-28,13.96018138
2010-09-29,13.97723834
2010-09-30,13.99429785
2010-10-01,14.02269362
2010-10-04,14.05109647
2010-10-05,14.07950639
2010-10-06,14.10792339
2010-10-07,14.13634746
2010-10-08,14.16477862
2010-10-11,14.19321686
2010-10-13,14.22166218
2010-10-14,14.25011459
2010-10-15,14.27857408
2010-10-18,14.30704067
2010-10-19,14.33551435
2010-10-20,14.36399511
2010-10-21,14.39248298
2010-10-22,14.42097794
2010-10-25,14.44947999
2010-10-26,14.47798915
2010-10-27,14.50650541
2010-10-28,14.53502877
2010-10-29,14.56355924
2010-11-01,14.59512869
2010-11-03,14.62670684
2010-11-04,14.6582937
2010-11-05,14.68988925
2010-11-08,14.72149352
2010-11-09,14.75310649
2010-11-10,14.78472818
2010-11-11,14.81635857
2010-11-12,14.84799769
2010-11-16,14.87964552
2010-11-17,14.91130208
2010-11-18,14.94296735
2010-11-19,14.97464136
2010-11-22,15.00632409
2010-11-23,15.03801555
2010-11-24,15.06971574
2010-11-25,15.10142467
2010-11-26,15.13314234
2010-11-29,15.16486875
2010-11-30,15.1966039
2010-12-01,15.22072183
2010-12-02,15.2448448
2010-12-03,15.26897283
2010-12-06,15.29310591
2010-12-07,15.31724404
2010-12-08,15.34138722
2010-12-09,15.36553546
2010-12-10,15.38968876
2010-12-13,15.41384711
2010-12-14,15.43801052
2010-12-15,15.46217899
2010-12-16,15.48635252
2010-12-17,15.51053111
2010-12-20,15.53471476
2010-12-21,15.55890348
2010-12-22,15.58309726
2010-12-23,15.6072961
2010-12-27,15.63150001
2010-12-28,15.65570899
2010-12-29,15.67992304
2010-12-30,15.70414215
2011-01-03,15.73602591
2011-01-04,15.76791845
2011-01-05,15.79981978
2011-01-06,15.8317299
2011-01-07,15.86364881
2011-01-10,15.89557652
2011-01-11,15.92751302
2011-01-12,15.95945833
2011-01-13,15.99141244
2011-01-14,16.02337536
2011-01-17,16.05534708
2011-01-18,16.08732761
2011-01-19,16.11931696
2011-01-20,16.15131512
2011-01-21,16.1833221
2011-01-24,16.2153379
2011-01-26,16.24736252
2011-01-27,16.27939596
2011-01-28,16.31143824
2011-01-31,16.34348934
2011-02-01,16.37439493
2011-02-02,16.40530874
2011-02-03,16.43623075
2011-02-04,16.46716098
2011-02-07,16.49809942
2011-02-08,16.52904609
2011-02-09,16.56000097
2011-02-10,16.59096408
2011-02-11,16.62193541
2011-02-14,16.65291497
2011-02-15,16.68390276
2011-02-16,16.71489878
2011-02-17,16.74590303
2011-02-18,16.77691553
2011-02-21,16.80793625
2011-02-22,16.83896522
2011-02-23,16.87000243
2011-02-24,16.90104789
2011-02-25,16.93210159
2011-02-28,16.96316355
2011-03-01,16.99384685
2011-03-02,17.02453819
2011-03-03,17.05523759
2011-03-04,17.08594505
2011-03-09,17.11666056
2011-03-10,17.14738412
2011-03-11,17.17811575
2011-03-14,17.20885544
2011-03-15,17.23960319
2011-03-16,17.27035901
2011-03-17,17.3011229
2011-03-18,17.33189485
2011-03-21,17.36267488
2011-03-22,17.39346299
2011-03-23,17.42425917
2011-03-24,17.45506343
2011-03-25,17.48587577
2011-03-28,17.51669619
2011-03-29,17.5475247
2011-03-30,17.5783613
2011-03-31,17.60920599
2011-04-01,17.63928057
2011-04-04,17.66936284
2011-04-05,17.69945281
2011-04-06,17.72955047
2011-04-07,17.75965583
2011-04-08,17.78976888
2011-04-11,17.81988964
2011-04-12,17.8500181
2011-04-13,17.88015426
2011-04-14,17.91029813
2011-04-15,17.94044971
2011-04-18,17.97060899
2011-04-19,18.00077599
2011-04-20,18.03095071
2011-04-25,18.06113314
2011-04-26,18.09132329
2011-04-27,18.12152116
2011-04-28,18.15172675
2011-04-29,18.18194006
2011-05-02,18.2004133
2011-05-03,18.21888943
2011-05-04,18.23736844
2011-05-05,18.25585035
2011-05-06,18.27433514
2011-05-09,18.29282282
2011-05-10,18.31131339
2011-05-11,18.32980685
2011-05-12,18.34830321
2011-05-13,18.36680245
2011-05-16,18.38530459
2011-05-17,18.40380961
2011-05-18,18.42231753
2011-05-19,18.44082835
2011-05-20,18.45934205
2011-05-23,18.47785865
2011-05-24,18.49637815
2011-05-25,18.51490054
2011-05-26,18.53342582
2011-05-27,18.55195401
2011-05-30,18.57048508
2011-05-31,18.58901906
2011-06-01,18.59494421
2011-06-02,18.60086966
2011-06-03,18.60679541
2011-06-06,18.61272146
2011-06-07,18.6186478
2011-06-08,18.62457444
2011-06-09,18.63050137
2011-06-10,18.6364286
2011-06-13,18.64235612
2011-06-14,18.64828394
2011-06-15,18.65421206
2011-06-16,18.66014047
2011-06-17,18.66606918
2011-06-20,18.67199819
2011-06-21,18.67792749
2011-06-22,18.68385709
2011-06-24,18.68978699
2011-06-27,18.69571718
2011-06-28,18.70164766
2011-06-29,18.70757845
2011-06-30,18.71350953
2011-07-01,18.71983602
2011-07-04,18.72616286
2011-07-05,18.73249003
2011-07-06,18.73881753
2011-07-07,18.74514538
2011-07-08,18.75147356
2011-07-11,18.75780208
2011-07-12,18.76413094
2011-07-13,18.77046013
2011-07-14,18.77678966
2011-07-15,18.78311953
2011-07-18,18.78944974
2011-07-19,18.79578028
2011-07-20,18.80211116
2011-07-21,18.80844238
2011-07-22,18.81477393
2011-07-25,18.82110583
2011-07-26,18.82743806
2011-07-27,18.83377062
2011-07-28,18.84010353
2011-07-29,18.84643677
2011-08-01,18.86106835
2011-08-02,18.87570173
2011-08-03,18.89033691
2011-08-04,18.90497389
2011-08-05,18.91961267
2011-08-08,18.93425326
2011-08-09,18.94889565
2011-08-10,18.96353984
2011-08-11,18.97818584
2011-08-12,18.99283363
2011-08-15,19.00748324
2011-08-16,19.02213464
2011-08-17,19.03678785
2011-08-18,19.05144286
2011-08-19,19.06609968
2011-08-22,19.0807583
2011-08-23,19.09541872
2011-08-24,19.11008096
2011-08-25,19.12474499
2011-08-26,19.13941083
2011-08-29,19.15407848
2011-08-30,19.16874793
2011-08-31,19.18341919
2011-09-01,19.20442118
2011-09-02,19.22542686
2011-09-05,19.24643625
2011-09-06,19.26744934
2011-09-08,19.28846614
2011-09-09,19.30948663
2011-09-12,19.33051084
2011-09-13,19.35153874
2011-09-14,19.37257035
2011-09-15,19.39360567
2011-09-16,19.4146447
2011-09-19,19.43568743
2011-09-20,19.45673387
2011-09-21,19.47778402
2011-09-22,19.49883787
2011-09-23,19.51989544
2011-09-26,19.54095672
2011-09-27,19.56202171
2011-09-28,19.58309041
2011-09-29,19.60416283
2011-09-30,19.62523895
2011-10-03,19.6423497
2011-10-04,19.6594629
2011-10-05,19.67657854
2011-10-06,19.69369664
2011-10-07,19.71081718
2011-10-10,19.72794017
2011-10-11,19.7450656
2011-10-13,19.76219349
2011-10-14,19.77932383
2011-10-17,19.79645662
2011-10-18,19.81359186
2011-10-19,19.83072955
2011-10-20,19.84786969
2011-10-21,19.86501228
2011-10-24,19.88215733
2011-10-25,19.89930482
2011-10-26,19.91645477
2011-10-27,19.93360718
2011-10-28,19.95076203
2011-10-31,19.96791934
2011-11-01,19.9886617
2011-11-03,20.00940764
2011-11-04,20.03015716
2011-11-07,20.05091028
2011-11-08,20.07166698
2011-11-09,20.09242727
2011-11-10,20.11319115
2011-11-11,20.13395862
2011-11-14,20.15472969
2011-11-16,20.17550434
2011-11-17,20.19628258
2011-11-18,20.21706442
2011-11-21,20.23784985
2011-11-22,20.25863888
2011-11-23,20.27943149
2011-11-24,20.30022771
2011-11-25,20.32102752
2011-11-28,20.34183092
2011-11-29,20.36263793
2011-11-30,20.38344853
2011-12-01,20.4034641
2011-12-02,20.42348301
2011-12-05,20.44350525
2011-12-06,20.46353081
2011-12-07,20.4835597
2011-12-08,20.50359193
2011-12-09,20.52362748
2011-12-12,20.54366637
2011-12-13,20.56370858
2011-12-14,20.58375413
2011-12-15,20.60380302
2011-12-16,20.62385523
2011-12-19,20.64391078
2011-12-20,20.66396967
2011-12-21,20.68403189
2011-12-22,20.70409744
2011-12-23,20.72416633
2011-12-26,20.74423856
2011-12-27,20.76431413
2011-12-28,20.78439303
2011-12-29,20.80447527
2012-01-02,20.82696463
2012-01-03,20.84945817
2012-01-04,20.8719559
2012-01-05,20.89445782
2012-01-06,20.91696393
2012-01-09,20.93947422
2012-01-10,20.96198871
2012-01-11,20.98450739
2012-01-12,21.00703026
2012-01-13,21.02955733
2012-01-16,21.05208858
2012-01-17,21.07462404
2012-01-18,21.09716369
2012-01-19,21.11970753
2012-01-20,21.14225557
2012-01-23,21.16480781
2012-01-24,21.18736424
2012-01-26,21.20992488
2012-01-27,21.23248972
2012-01-30,21.25505875
2012-01-31,21.27763199
2012-02-01,21.29578419
2012-02-02,21.3139391
2012-02-03,21.33209673
2012-02-06,21.35025707
2012-02-07,21.36842014
2012-02-08,21.38658592
2012-02-09,21.40475442
2012-02-10,21.42292564
2012-02-13,21.44109958
2012-02-14,21.45927624
2012-02-15,21.47745563
2012-02-16,21.49563773
2012-02-17,21.51382255
2012-02-22,21.5320101
2012-02-23,21.55020037
2012-02-24,21.56839336
2012-02-27,21.58658907
2012-02-28,21.60478751
2012-02-29,21.62298867
2012-03-01,21.63149365
2012-03-02,21.63999923
2012-03-05,21.6485054
2012-03-06,21.65701216
2012-03-07,21.66551952
2012-03-08,21.67402747
2012-03-09,21.68253602
2012-03-12,21.69104516
2012-03-13,21.6995549
2012-03-14,21.70806524
2012-03-15,21.71657617
2012-03-16,21.72508769
2012-03-19,21.73359981
2012-03-20,21.74211253
2012-03-21,21.75062584
2012-03-22,21.75913974
2012-03-23,21.76765424
2012-03-26,21.77616934
2012-03-27,21.78468503
2012-03-28,21.79320132
2012-03-29,21.8017182
2012-03-30,21.81023568
2012-04-02,21.83614181
2012-04-03,21.86205346
2012-04-04,21.88797061
2012-04-05,21.91389328
2012-04-09,21.93982146
2012-04-10,21.96575516
2012-04-11,21.99169437
2012-04-12,22.01763909
2012-04-13,22.04358934
2012-04-16,22.0695451
2012-04-17,22.09550639
2012-04-18,22.12147319
2012-04-19,22.14744552
2012-04-20,22.17342337
2012-04-23,22.19940675
2012-04-24,22.22539565
2012-04-25,22.25139008
2012-04-26,22.27739004
2012-04-27,22.30339553
2012-04-30,22.32940655
2012-05-02,22.34406059
2012-05-03,22.3587164
2012-05-04,22.37337395
2012-05-07,22.38803327
2012-05-08,22.40269434
2012-05-09,22.41735716
2012-05-10,22.43202175
2012-05-11,22.44668808
2012-05-14,22.46135618
2012-05-15,22.47602603
2012-05-16,22.49069764
2012-05-17,22.50537101
2012-05-18,22.52004614
2012-05-21,22.53472302
2012-05-22,22.54940166
2012-05-23,22.56408206
2012-05-24,22.57876422
2012-05-25,22.59344814
2012-05-28,22.60813381
2012-05-29,22.62282125
2012-05-30,22.63751045
2012-05-31,22.6522014
2012-06-01,22.65547086
2012-06-04,22.65874041
2012-06-05,22.66201005
2012-06-06,22.66527977
2012-06-08,22.66854958
2012-06-11,22.67181948
2012-06-12,22.67508946
2012-06-13,22.67835953
2012-06-14,22.68162969
2012-06-15,22.68489994
2012-06-18,22.68817027
2012-06-19,22.69144069
2012-06-20,22.6947112
2012-06-21,22.69798179
2012-06-22,22.70125247
2012-06-25,22.70452324
2012-06-26,22.7077941
2012-06-27,22.71106504
2012-06-28,22.71433607
2012-06-29,22.71760719
2012-07-02,22.73516026
2012-07-03,22.75271584
2012-07-04,22.77027393
2012-07-05,22.78783453
2012-07-06,22.80539765
2012-07-10,22.82296327
2012-07-11,22.84053141
2012-07-12,22.85810207
2012-07-13,22.87567523
2012-07-16,22.89325091
2012-07-17,22.9108291
2012-07-18,22.92840981
2012-07-19,22.94599303
2012-07-20,22.96357877
2012-07-23,22.98116702
2012-07-24,22.99875779
2012-07-25,23.01635107
2012-07-26,23.03394687
2012-07-27,23.05154519
2012-07-30,23.06914603
2012-07-31,23.08674938
2012-08-01,23.10353799
2012-08-02,23.12032889
2012-08-03,23.13712208
2012-08-06,23.15391756
2012-08-07,23.17071533
2012-08-08,23.18751539
2012-08-09,23.20431775
2012-08-10,23.22112239
2012-08-13,23.23792933
2012-08-14,23.25473856
2012-08-15,23.27155008
2012-08-16,23.2883639
2012-08-17,23.30518001
2012-08-20,23.32199841
2012-08-21,23.33881911
2012-08-22,23.3556421
2012-08-23,23.37246739
2012-08-24,23.38929497
2012-08-27,23.40612484
2012-08-28,23.42295701
2012-08-29,23.43979148
2012-08-30,23.45662824
2012-08-31,23.4734673
2012-09-03,23.49686287
2012-09-04,23.52026287
2012-09-05,23.54366731
2012-09-06,23.56707617
2012-09-10,23.59048948
2012-09-11,23.61390722
2012-09-12,23.6373294
2012-09-13,23.66075601
2012-09-14,23.68418707
2012-09-17,23.70762256
2012-09-18,23.73106249
2012-09-19,23.75450687
2012-09-20,23.77795569
2012-09-21,23.80140895
2012-09-24,23.82486665
2012-09-25,23.8483288
2012-09-26,23.8717954
2012-09-27,23.89526644
2012-09-28,23.91874193
2012-10-01,23.94304339
2012-10-02,23.96734961
2012-10-03,23.9916606
2012-10-04,24.01597635
2012-10-05,24.04029688
2012-10-08,24.06462217
2012-10-09,24.08895224
2012-10-10,24.11328707
2012-10-11,24.13762668
2012-10-15,24.16197106
2012-10-16,24.18632022
2012-10-17,24.21067415
2012-10-18,24.23503286
2012-10-19,24.25939634
2012-10-22,24.2837646
2012-10-23,24.30813764
2012-10-24,24.33251546
2012-10-25,24.35689806
2012-10-26,24.38128545
2012-10-29,24.40567761
2012-10-30,24.43007456
2012-10-31,24.45447629
2012-11-01,24.47929529
2012-11-05,24.50411923
2012-11-06,24.52894812
2012-11-07,24.55378197
2012-11-08,24.57862077
2012-11-09,24.60346452
2012-11-12,24.62831322
2012-11-13,24.65316689
2012-11-14,24.6780255
2012-11-16,24.70288908
2012-11-19,24.72775761
2012-11-21,24.7526311
2012-11-22,24.77750956
2012-11-23,24.80239297
2012-11-26,24.82728135
2012-11-27,24.85217469
2012-11-28,24.87707299
2012-11-29,24.90197626
2012-11-30,24.9268845
2012-12-03,24.95965694
2012-12-04,24.99243799
2012-12-05,25.02522763
2012-12-06,25.05802588
2012-12-07,25.09083273
2012-12-10,25.12364818
2012-12-11,25.15647225
2012-12-12,25.18930492
2012-12-13,25.22214621
2012-12-14,25.25499611
2012-12-17,25.28785463
2012-12-18,25.32072177
2012-12-19,25.35359754
2012-12-20,25.38648192
2012-12-21,25.41937494
2012-12-26,25.45227658
2012-12-27,25.48518685
2012-12-28,25.51810576
2013-01-02,25.55393889
2013-01-03,25.58978225
2013-01-04,25.62563584
2013-01-07,25.66149967
2013-01-08,25.69737374
2013-01-09,25.73325805
2013-01-10,25.7691526
2013-01-11,25.8050574
2013-01-14,25.84097245
2013-01-15,25.87689775
2013-01-16,25.91283331
2013-01-17,25.94877913
2013-01-18,25.98473521
2013-01-21,26.02070155
2013-01-22,26.05667816
2013-01-23,26.09266505
2013-01-24,26.1286622
2013-01-28,26.16466964
2013-01-29,26.20068735
2013-01-30,26.23671534
2013-01-31,26.27275362
2013-02-01,26.29793522
2013-02-04,26.32312184
2013-02-05,26.34831349
2013-02-06,26.37351016
2013-02-07,26.39871185
2013-02-08,26.42391857
2013-02-13,26.44913031
2013-02-14,26.47434708
2013-02-15,26.49956889
2013-02-18,26.52479572
2013-02-19,26.55002758
2013-02-20,26.57526447
2013-02-21,26.6005064
2013-02-22,26.62575336
2013-02-25,26.65100536
2013-02-26,26.67626239
2013-02-27,26.70152446
2013-02-28,26.72679156
2013-03-01,26.74660046
2013-03-04,26.76641246
2013-03-05,26.78622755
2013-03-06,26.80604575
2013-03-07,26.82586704
2013-03-08,26.84569142
2013-03-11,26.86551891
2013-03-12,26.8853495
2013-03-13,26.90518318
2013-03-14,26.92501997
2013-03-15,26.94485985
2013-03-18,26.96470284
2013-03-19,26.98454893
2013-03-20,27.00439812
2013-03-21,27.02425042
2013-03-22,27.04410581
2013-03-25,27.06396432
2013-03-26,27.08382592
2013-03-27,27.10369063
2013-03-28,27.12355845
2013-04-01,27.1468027
2013-04-02,27.1700512
2013-04-03,27.19330396
2013-04-04,27.21656096
2013-04-05,27.23982222
2013-04-08,27.26308773
2013-04-09,27.2863575
2013-04-10,27.30963152
2013-04-11,27.33290979
2013-04-12,27.35619233
2013-04-15,27.37947912
2013-04-16,27.40277016
2013-04-17,27.42606547
2013-04-18,27.44936504
2013-04-19,27.47266886
2013-04-22,27.49597695
2013-04-23,27.5192893
2013-04-24,27.54260591
2013-04-25,27.56592679
2013-04-26,27.58925192
2013-04-29,27.61258133
2013-04-30,27.635915
2013-05-02,27.65162868
2013-05-03,27.66734429
2013-05-06,27.68306184
2013-05-07,27.69878132
2013-05-08,27.71450274
2013-05-09,27.7302261
2013-05-10,27.74595139
2013-05-13,27.76167861
2013-05-14,27.77740778
2013-05-15,27.79313888
2013-05-16,27.80887191
2013-05-17,27.82460689
2013-05-20,27.84034379
2013-05-21,27.85608264
2013-05-22,27.87182343
2013-05-23,27.88756615
2013-05-24,27.90331081
2013-05-27,27.91905741
2013-05-28,27.93480595
2013-05-29,27.95055643
2013-05-31,27.96630884
2013-06-03,27.97738534
2013-06-04,27.9884628
2013-06-05,27.99954122
2013-06-06,28.0106206
2013-06-07,28.02170093
2013-06-10,28.03278223
2013-06-11,28.04386448
2013-06-12,28.05494769
2013-06-13,28.06603187
2013-06-14,28.077117
2013-06-17,28.08820309
2013-06-18,28.09929014
2013-06-19,28.11037815
2013-06-20,28.12146712
2013-06-21,28.13255705
2013-06-24,28.14364794
2013-06-25,28.15473979
2013-06-26,28.1658326
2013-06-27,28.17692637
2013-06-28,28.1880211
2013-07-01,28.1893028
2013-07-02,28.19058451
2013-07-03,28.19186623
2013-07-04,28.19314796
2013-07-05,28.1944297
2013-07-08,28.19571146
2013-07-10,28.19699323
2013-07-11,28.19827502
2013-07-12,28.19955681
2013-07-15,28.20083862
2013-07-16,28.20212045
2013-07-17,28.20340228
2013-07-18,28.20468413
2013-07-19,28.20596599
2013-07-22,28.20724787
2013-07-23,28.20852975
2013-07-24,28.20981165
2013-07-25,28.21109356
2013-07-26,28.21237549
2013-07-29,28.21365743
2013-07-30,28.21493938
2013-07-31,28.21622134
2013-08-01,28.22646676
2013-08-02,28.236713
2013-08-05,28.24696005
2013-08-06,28.25720792
2013-08-07,28.26745662
2013-08-08,28.27770613
2013-08-09,28.28795646
2013-08-12,28.29820761
2013-08-13,28.30845958
2013-08-14,28.31871237
2013-08-15,28.32896598
2013-08-16,28.3392204
2013-08-19,28.34947565
2013-08-20,28.35973172
2013-08-21,28.3699886
2013-08-22,28.38024631
2013-08-23,28.39050483
2013-08-26,28.40076418
2013-08-27,28.41102434
2013-08-28,28.42128532
2013-08-29,28.43154713
2013-08-30,28.44180975
2013-09-02,28.45676934
2013-09-03,28.47173067
2013-09-04,28.48669374
2013-09-05,28.50165855
2013-09-06,28.51662511
2013-09-09,28.53159341
2013-09-10,28.54656345
2013-09-11,28.56153524
2013-09-12,28.57650877
2013-09-13,28.59148405
2013-09-16,28.60646106
2013-09-17,28.62143983
2013-09-18,28.63642034
2013-09-19,28.65140259
2013-09-20,28.66638659
2013-09-23,28.68137233
2013-09-24,28.69635982
2013-09-25,28.71134905
2013-09-26,28.72634003
2013-09-27,28.74133276
2013-09-30,28.75632723
2013-10-01,28.78072378
2013-10-02,28.80512496
2013-10-03,28.82953076
2013-10-04,28.85394119
2013-10-07,28.87835624
2013-10-08,28.90277592
2013-10-09,28.92720022
2013-10-10,28.95162915
2013-10-11,28.97606271
2013-10-14,29.00050091
2013-10-15,29.02494373
2013-10-16,29.04939118
2013-10-17,29.07384326
2013-10-18,29.09829998
2013-10-21,29.12276133
2013-10-22,29.14722732
2013-10-23,29.17169794
2013-10-24,29.1961732
2013-10-25,29.2206531
2013-10-28,29.24513763
2013-10-29,29.26962681
2013-10-30,29.29412062
2013-10-31,29.31861908
2013-11-01,29.34183589
2013-11-04,29.36505687
2013-11-05,29.38828202
2013-11-06,29.41151134
2013-11-07,29.43474483
2013-11-08,29.45798249
2013-11-11,29.48122432
2013-11-12,29.50447032
2013-11-13,29.5277205
2013-11-14,29.55097485
2013-11-18,29.57423338
2013-11-19,29.59749608
2013-11-21,29.62076296
2013-11-22,29.64403402
2013-11-25,29.66730925
2013-11-26,29.69058867
2013-11-27,29.71387226
2013-11-28,29.73716003
2013-11-29,29.76045198
2013-12-02,29.8000693
2013-12-03,29.83969872
2013-12-04,29.87934023
2013-12-05,29.91899384
2013-12-06,29.95865957
2013-12-09,29.9983374
2013-12-10,30.03802735
2013-12-11,30.07772941
2013-12-12,30.1174436
2013-12-13,30.15716991
2013-12-16,30.19690835
2013-12-17,30.23665892
2013-12-18,30.27642163
2013-12-19,30.31619648
2013-12-20,30.35598348
2013-12-23,30.39578262
2013-12-24,30.43559391
2013-12-25,30.47541735
2013-12-26,30.51525296
2013-12-27,30.55510073
2013-12-30,30.59496066
2014-01-02,30.61883965
2014-01-03,30.64272301
2014-01-06,30.66661073
2014-01-07,30.69050283
2014-01-08,30.71439929
2014-01-09,30.73830012
2014-01-10,30.76220532
2014-01-13,30.78611489
2014-01-14,30.81002883
2014-01-15,30.83394715
2014-01-16,30.85786984
2014-01-17,30.8817969
2014-01-20,30.90572834
2014-01-21,30.92966415
2014-01-22,30.95360434
2014-01-23,30.97754891
2014-01-24,31.00149786
2014-01-27,31.02545118
2014-01-28,31.04940889
2014-01-29,31.07337097
2014-01-30,31.09733744
2014-01-31,31.12130829
2014-02-03,31.15136607
2014-02-04,31.18143074
2014-02-05,31.2115023
2014-02-06,31.24158075
2014-02-07,31.2716661
2014-02-10,31.30175834
2014-02-11,31.33185748
2014-02-12,31.36196353
2014-02-13,31.39207647
2014-02-14,31.42219632
2014-02-17,31.45232307
2014-02-18,31.48245672
2014-02-19,31.51259729
2014-02-20,31.54274476
2014-02-21,31.57289915
2014-02-24,31.60306045
2014-02-25,31.63322866
2014-02-26,31.66340379
2014-02-27,31.69358583
2014-02-28,31.7237748
2014-03-05,31.76399154
2014-03-06,31.80422056
2014-03-07,31.84446186
2014-03-09,31.88471545
2014-03-10,31.92498133
2014-03-11,31.96525951
2014-03-12,32.00554998
2014-03-13,32.04585275
2014-03-14,32.08616782
2014-03-17,32.12649521
2014-03-18,32.16683491
2014-03-19,32.20718692
2014-03-20,32.24755126
2014-03-21,32.28792791
2014-03-24,32.3283169
2014-03-25,32.36871821
2014-03-26,32.40913186
2014-03-27,32.44955785
2014-03-28,32.48999619
2014-03-31,32.53044686
2014-04-01,32.5599499
2014-04-02,32.5894595
2014-04-03,32.61897568
2014-04-04,32.64849842
2014-04-07,32.67802774
2014-04-08,32.70756362
2014-04-09,32.73710609
2014-04-10,32.76665513
2014-04-11,32.79621075
2014-04-14,32.82577295
2014-04-15,32.85534173
2014-04-16,32.88491709
2014-04-17,32.91449903
2014-04-22,32.94408756
2014-04-23,32.97368268
2014-04-24,33.00328439
2014-04-25,33.03289268
2014-04-28,33.06250757
2014-04-29,33.09212905
2014-04-30,33.12175712
2014-05-02,33.14212388
2014-05-05,33.16249375
2014-05-06,33.18286674
2014-05-07,33.20324285
2014-05-08,33.22362207
2014-05-09,33.24400441
2014-05-12,33.26438987
2014-05-13,33.28477845
2014-05-14,33.30517015
2014-05-15,33.32556496
2014-05-16,33.3459629
2014-05-19,33.36636396
2014-05-20,33.38676814
2014-05-21,33.40717544
2014-05-22,33.42758586
2014-05-23,33.44799941
2014-05-25,33.46841608
2014-05-26,33.48883587
2014-05-27,33.50925879
2014-05-28,33.52968483
2014-05-29,33.550114
2014-05-30,33.57054629
2014-06-02,33.58832136
2014-06-03,33.60609879
2014-06-04,33.62387858
2014-06-05,33.64166074
2014-06-06,33.65944527
2014-06-09,33.67723217
2014-06-10,33.69502143
2014-06-11,33.71281306
2014-06-13,33.73060705
2014-06-16,33.74840342
2014-06-17,33.76620215
2014-06-18,33.78400325
2014-06-20,33.80180673
2014-06-23,33.81961257
2014-06-24,33.83742078
2014-06-25,33.85523135
2014-06-26,33.8730443
2014-06-27,33.89085962
2014-06-30,33.90867731
2014-07-01,33.90912366
2014-07-02,33.90957
2014-07-03,33.91001634
2014-07-04,33.91046269
2014-07-07,33.91090903
2014-07-08,33.91135538
2014-07-09,33.91180173
2014-07-10,33.91224808
2014-07-11,33.91269443
2014-07-12,33.91314079
2014-07-14,33.91358714
2014-07-15,33.9140335
2014-07-16,33.91447986
2014-07-17,33.91492622
2014-07-18,33.91537258
2014-07-20,33.91581894
2014-07-21,33.91626531
2014-07-22,33.91671167
2014-07-23,33.91715804
2014-07-24,33.91760441
2014-07-25,33.91805078
2014-07-27,33.91849715
2014-07-28,33.91894353
2014-07-29,33.9193899
2014-07-30,33.91983628
2014-07-31,33.92028266
2014-08-01,33.93142922
2014-08-02,33.9425767
2014-08-04,33.95372512
2014-08-05,33.96487447
2014-08-06,33.97602474
2014-08-07,33.98717594
2014-08-08,33.99832807
2014-08-10,34.00948112
2014-08-11,34.02063511
2014-08-12,34.03179002
2014-08-13,34.04294586
2014-08-14,34.05410263
2014-08-15,34.06526033
2014-08-18,34.07641896
2014-08-19,34.08757851
2014-08-20,34.098739
2014-08-21,34.10990041
2014-08-22,34.12106276
2014-08-25,34.13222603
2014-08-26,34.14339023
2014-08-27,34.15455536
2014-08-28,34.16572142
2014-08-29,34.17688841
2014-08-31,34.18805633
2014-09-01,34.21348208
2014-09-02,34.23891265
2014-09-03,34.26434804
2014-09-04,34.28978824
2014-09-05,34.31523327
2014-09-08,34.34068312
2014-09-09,34.36613779
2014-09-10,34.39159728
2014-09-11,34.4170616
2014-09-12,34.44253074
2014-09-13,34.46800471
2014-09-15,34.49348351
2014-09-16,34.51896713
2014-09-17,34.54445558
2014-09-18,34.56994886
2014-09-19,34.59544698
2014-09-22,34.62094992
2014-09-23,34.6464577
2014-09-24,34.6719703
2014-09-25,34.69748775
2014-09-26,34.72301002
2014-09-27,34.74853714
2014-09-29,34.77406909
2014-09-30,34.79960588
2014-10-01,34.81843962
2014-10-02,34.83727599
2014-10-03,34.85611499
2014-10-06,34.87495663
2014-10-07,34.89380089
2014-10-08,34.91264779
2014-10-09,34.93149733
2014-10-10,34.95034949
2014-10-13,34.9692043
2014-10-14,34.98806173
2014-10-15,35.0069218
2014-10-16,35.02578451
2014-10-17,35.04464985
2014-10-20,35.06351782
2014-10-21,35.08238844
2014-10-22,35.10126169
2014-10-23,35.12013757
2014-10-24,35.1390161
2014-10-27,35.15789726
2014-10-28,35.17678106
2014-10-29,35.19566749
2014-10-30,35.21455657
2014-10-31,35.23344829
2014-11-03,35.25638149
2014-11-04,35.27931859
2014-11-05,35.30225957
2014-11-06,35.32520445
2014-11-07,35.34815321
2014-11-10,35.37110587
2014-11-11,35.39406242
2014-11-12,35.41702286
2014-11-13,35.4399872
2014-11-14,35.46295543
2014-11-16,35.48592755
2014-11-17,35.50890357
2014-11-18,35.53188349
2014-11-19,35.55486731
2014-11-21,35.57785502
2014-11-24,35.60084663
2014-11-25,35.62384214
2014-11-26,35.64684155
2014-11-27,35.66984486
2014-11-28,35.69285207
2014-12-01,35.72799988
2014-12-02,35.7631568
2014-12-03,35.79832282
2014-12-04,35.83349795
2014-12-05,35.86868219
2014-12-08,35.90387555
2014-12-09,35.93907802
2014-12-10,35.97428961
2014-12-11,36.00951032
2014-12-12,36.04474016
2014-12-14,36.07997911
2014-12-15,36.1152272
2014-12-16,36.15048442
2014-12-17,36.18575077
2014-12-18,36.22102625
2014-12-19,36.25631087
2014-12-22,36.29160464
2014-12-23,36.32690754
2014-12-24,36.36221959
2014-12-26,36.39754078
2014-12-28,36.43287113
2014-12-29,36.46821062
2014-12-30,36.50355927
2015-01-02,36.55964531
2015-01-05,36.6157544
2015-01-06,36.67188654
2015-01-07,36.72804174
2015-01-08,36.78422002
2015-01-09,36.84042138
2015-01-12,36.89664583
2015-01-13,36.95289338
2015-01-14,37.00916404
2015-01-15,37.06545783
2015-01-16,37.12177474
2015-01-19,37.17811479
2015-01-20,37.23447799
2015-01-21,37.29086435
2015-01-22,37.34727388
2015-01-23,37.40370658
2015-01-26,37.46016247
2015-01-27,37.51664156
2015-01-28,37.57314386
2015-01-29,37.62966936
2015-01-30,37.6862181
2015-02-01,37.74188294
2015-02-02,37.79757029
2015-02-03,37.85328015
2015-02-04,37.90901254
2015-02-05,37.96476745
2015-02-06,38.02054491
2015-02-09,38.07634492
2015-02-10,38.13216749
2015-02-11,38.18801262
2015-02-12,38.24388034
2015-02-13,38.29977064
2015-02-18,38.35568353
2015-02-19,38.41161903
2015-02-20,38.46757715
2015-02-23,38.52355788
2015-02-24,38.57956125
2015-02-25,38.63558727
2015-02-26,38.69163593
2015-02-27,38.74770725
2015-03-02,38.80837009
2015-03-03,38.86905945
2015-03-04,38.92977534
2015-03-05,38.99051778
2015-03-06,39.05128678
2015-03-09,39.11208234
2015-03-10,39.17290449
2015-03-11,39.23375323
2015-03-12,39.29462857
2015-03-13,39.35553053
2015-03-16,39.41645912
2015-03-17,39.47741435
2015-03-18,39.53839622
2015-03-19,39.59940476
2015-03-20,39.66043997
2015-03-23,39.72150187
2015-03-24,39.78259047
2015-03-25,39.84370577
2015-03-26,39.9048478
2015-03-27,39.96601656
2015-03-30,40.02721206
2015-03-31,40.08843432
2015-04-01,40.12147533
2015-04-02,40.15452414
2015-04-06,40.18758074
2015-04-07,40.22064514
2015-04-08,40.25371734
2015-04-09,40.28679734
2015-04-10,40.31988514
2015-04-13,40.35298074
2015-04-14,40.38608416
2015-04-15,40.41919537
2015-04-16,40.4523144
2015-04-17,40.48544124
2015-04-20,40.51857589
2015-04-22,40.55171836
2015-04-23,40.58486865
2015-04-24,40.61802675
2015-04-27,40.65119267
2015-04-28,40.68436642
2015-04-29,40.71754799
2015-04-30,40.75073739
2015-05-04,40.78533232
2015-05-05,40.81993577
2015-05-06,40.85454771
2015-05-07,40.88916816
2015-05-08,40.92379713
2015-05-11,40.9584346
2015-05-12,40.99308059
2015-05-13,41.02773509
2015-05-14,41.06239811
2015-05-15,41.09706965
2015-05-18,41.13174971
2015-05-19,41.1664383
2015-05-20,41.20113541
2015-05-21,41.23584105
2015-05-22,41.27055522
2015-05-25,41.30527793
2015-05-26,41.34000917
2015-05-27,41.37474894
2015-05-28,41.40949725
2015-05-29,41.44425411
2015-05-30,41.4790195
2015-06-01,41.51613412
2015-06-02,41.55325847
2015-06-03,41.59039257
2015-06-05,41.6275364
2015-06-08,41.66468998
2015-06-09,41.70185331
2015-06-10,41.73902638
2015-06-11,41.77620921
2015-06-12,41.81340179
2015-06-15,41.85060413
2015-06-16,41.88781622
2015-06-17,41.92503808
2015-06-18,41.9622697
2015-06-19,41.99951109
2015-06-22,42.03676225
2015-06-23,42.07402319
2015-06-24,42.11129389
2015-06-25,42.14857438
2015-06-26,42.18586464
2015-06-29,42.22316469
2015-06-30,42.26047452
2015-07-01,42.28978727
2015-07-02,42.31910606
2015-07-03,42.34843089
2015-07-06,42.37776177
2015-07-07,42.40709869
2015-07-08,42.43644165
2015-07-10,42.46579066
2015-07-13,42.49514572
2015-07-14,42.52450682
2015-07-15,42.55387397
2015-07-16,42.58324718
2015-07-17,42.61262644
2015-07-18,42.64201175
2015-07-20,42.67140312
2015-07-21,42.70080054
2015-07-22,42.73020402
2015-07-23,42.75961356
2015-07-24,42.78902916
2015-07-25,42.81845082
2015-07-27,42.84787854
2015-07-28,42.87731233
2015-07-29,42.90675218
2015-07-30,42.93619809
2015-07-31,42.96565008
2015-08-03,42.97612309
2015-08-04,42.98659687
2015-08-05,42.99707142
2015-08-06,43.00754674
2015-08-07,43.01802283
2015-08-10,43.02849968
2015-08-11,43.0389773
2015-08-12,43.04945569
2015-08-13,43.05993484
2015-08-14,43.07041476
2015-08-17,43.08089545
2015-08-18,43.09137691
2015-08-19,43.10185914
2015-08-20,43.11234213
2015-08-21,43.12282589
2015-08-24,43.13331042
2015-08-25,43.14379572
2015-08-26,43.15428178
2015-08-27,43.16476862
2015-08-28,43.17525622
2015-08-31,43.18574459
2015-09-01,43.21145099
2015-09-02,43.23716201
2015-09-03,43.26287764
2015-09-04,43.2885979
2015-09-08,43.31432276
2015-09-09,43.34005225
2015-09-10,43.36578636
2015-09-11,43.39152508
2015-09-14,43.41726843
2015-09-15,43.4430164
2015-09-16,43.46876899
2015-09-17,43.4945262
2015-09-18,43.52028804
2015-09-21,43.5460545
2015-09-22,43.57182559
2015-09-23,43.59760131
2015-09-24,43.62338165
2015-09-25,43.64916663
2015-09-27,43.67495623
2015-09-28,43.70075046
2015-09-29,43.72654932
2015-09-30,43.75235282
2015-10-01,43.79149023
2015-10-02,43.8306383
2015-10-03,43.86979703
2015-10-05,43.90896641
2015-10-06,43.94814647
2015-10-07,43.98733719
2015-10-08,44.02653857
2015-10-09,44.06575064
2015-10-12,44.10497337
2015-10-13,44.14420679
2015-10-14,44.18345089
2015-10-15,44.22270567
2015-10-16,44.26197114
2015-10-18,44.3012473
2015-10-19,44.34053415
2015-10-20,44.3798317
2015-10-21,44.41913995
2015-10-22,44.4584589
2015-10-23,44.49778855
2015-10-26,44.53712892
2015-10-27,44.57647999
2015-10-28,44.61584178
2015-10-29,44.65521428
2015-10-30,44.6945975
2015-11-03,44.74307511
2015-11-04,44.79156896
2015-11-05,44.84007905
2015-11-06,44.8886054
2015-11-09,44.937148
2015-11-10,44.98570687
2015-11-11,45.03428201
2015-11-12,45.08287342
2015-11-13,45.13148111
2015-11-16,45.18010509
2015-11-17,45.22874536
2015-11-18,45.27740192
2015-11-19,45.32607479
2015-11-22,45.37476396
2015-11-23,45.42346944
2015-11-24,45.47219125
2015-11-25,45.52092937
2015-11-26,45.56968383
2015-11-27,45.61845462
2015-11-30,45.66724175
2015-12-01,45.71364033
2015-12-02,45.76005369
2015-12-03,45.80648183
2015-12-04,45.85292477
2015-12-07,45.89938249
2015-12-08,45.94585502
2015-12-09,45.99234235
2015-12-10,46.03884448
2015-12-11,46.08536143
2015-12-14,46.13189319
2015-12-15,46.17843978
2015-12-16,46.22500119
2015-12-17,46.27157743
2015-12-18,46.31816851
2015-12-21,46.36477443
2015-12-22,46.41139519
2015-12-23,46.4580308
2015-12-28,46.50468127
2015-12-29,46.5513466
2015-12-30,46.59802679
2015-12-31,46.64472185
2016-01-04,46.70642353
2016-01-05,46.76815116
2016-01-06,46.82990477
2016-01-07,46.89168437
2016-01-08,46.95348996
2016-01-10,47.01532155
2016-01-11,47.07717916
2016-01-12,47.13906279
2016-01-13,47.20097247
2016-01-14,47.26290819
2016-01-15,47.32486997
2016-01-18,47.38685782
2016-01-19,47.44887176
2016-01-20,47.51091179
2016-01-21,47.57297792
2016-01-22,47.63507016
2016-01-26,47.69718854
2016-01-27,47.75933304
2016-01-28,47.8215037
2016-01-29,47.88370052
2016-02-01,47.92787377
2016-02-02,47.97206022
2016-02-03,48.01625986
2016-02-04,48.06047271
2016-02-05,48.10469877
2016-02-10,48.14893803
2016-02-11,48.19319051
2016-02-12,48.23745621
2016-02-14,48.28173513
2016-02-15,48.32602728
2016-02-16,48.37033266
2016-02-17,48.41465127
2016-02-18,48.45898312
2016-02-19,48.50332821
2016-02-22,48.54768655
2016-02-23,48.59205813
2016-02-24,48.63644297
2016-02-25,48.68084107
2016-02-26,48.72525243
2016-02-29,48.76967706
2016-03-01,48.79095652
2016-03-02,48.81223903
2016-03-03,48.83352458
2016-03-04,48.85481317
2016-03-07,48.87610481
2016-03-08,48.89739949
2016-03-09,48.91869722
2016-03-10,48.939998
2016-03-11,48.96130182
2016-03-14,48.98260869
2016-03-15,49.00391861
2016-03-16,49.02523157
2016-03-17,49.04654759
2016-03-18,49.06786665
2016-03-21,49.08918876
2016-03-22,49.11051392
2016-03-23,49.13184214
2016-03-24,49.1531734
2016-03-28,49.17450771
2016-03-29,49.19584508
2016-03-30,49.2171855
2016-03-31,49.23852897
2016-04-01,49.26878502
2016-04-04,49.29904721
2016-04-05,49.32931554
2016-04-06,49.35959
2016-04-07,49.3898706
2016-04-08,49.42015734
2016-04-11,49.45045022
2016-04-12,49.48074924
2016-04-13,49.5110544
2016-04-14,49.54136571
2016-04-15,49.57168316
2016-04-18,49.60200676
2016-04-19,49.6323365
2016-04-20,49.6626724
2016-04-22,49.69301444
2016-04-25,49.72336264
2016-04-26,49.75371699
2016-04-27,49.78407749
2016-04-28,49.81444415
2016-04-29,49.84481697
2016-05-02,49.88363049
2016-05-03,49.92245406
2016-05-04,49.96128769
2016-05-05,50.00013139
2016-05-06,50.03898514
2016-05-09,50.07784895
2016-05-10,50.11672283
2016-05-11,50.15560679
2016-05-12,50.19450081
2016-05-13,50.23340491
2016-05-16,50.27231908
2016-05-17,50.31124334
2016-05-18,50.35017767
2016-05-19,50.3891221
2016-05-20,50.42807661
2016-05-23,50.46704121
2016-05-24,50.5060159
2016-05-25,50.54500069
2016-05-27,50.58399557
2016-05-30,50.62300056
2016-05-31,50.66201565
2016-06-01,50.67956322
2016-06-02,50.69711283
2016-06-03,50.71466449
2016-06-06,50.73221819
2016-06-07,50.74977393
2016-06-08,50.76733172
2016-06-09,50.78489156
2016-06-10,50.80245344
2016-06-13,50.82001736
2016-06-14,50.83758333
2016-06-15,50.85515135
2016-06-16,50.87272141
2016-06-17,50.89029352
2016-06-20,50.90786768
2016-06-21,50.92544388
2016-06-22,50.94302213
2016-06-23,50.96060243
2016-06-24,50.97818477
2016-06-27,50.99576916
2016-06-28,51.0133556
2016-06-29,51.03094409
2016-06-30,51.04853463
2016-07-01,51.0746508
2016-07-04,51.10077148
2016-07-05,51.12689668
2016-07-06,51.15302639
2016-07-07,51.17916062
2016-07-08,51.20529937
2016-07-11,51.23144264
2016-07-12,51.25759044
2016-07-13,51.28374275
2016-07-14,51.30989958
2016-07-15,51.33606094
2016-07-18,51.36222682
2016-07-19,51.38839722
2016-07-20,51.41457215
2016-07-21,51.4407516
2016-07-22,51.46693558
2016-07-25,51.49312409
2016-07-26,51.51931712
2016-07-27,51.54551469
2016-07-28,51.57171678
2016-07-29,51.5979234
2016-08-01,51.62011062
2016-08-02,51.64230108
2016-08-03,51.66449478
2016-08-04,51.68669174
2016-08-05,51.70889195
2016-08-08,51.7310954
2016-08-09,51.7533021
2016-08-10,51.77551206
2016-08-11,51.79772526
2016-08-12,51.81994172
2016-08-15,51.84216142
2016-08-16,51.86438438
2016-08-17,51.88661059
2016-08-18,51.90884006
2016-08-19,51.93107277
2016-08-22,51.95330874
2016-08-23,51.97554797
2016-08-24,51.99779045
2016-08-25,52.02003619
2016-08-26,52.04228518
2016-08-29,52.06453743
2016-08-30,52.08679293
2016-08-31,52.10905169
2016-09-01,52.11310637
2016-09-02,52.11716115
2016-09-05,52.12121604
2016-09-06,52.12527104
2016-09-08,52.12932614
2016-09-09,52.13338136
2016-09-12,52.13743668
2016-09-13,52.14149211
2016-09-14,52.14554765
2016-09-15,52.14960329
2016-09-16,52.15365905
2016-09-19,52.15771491
2016-09-20,52.16177088
2016-09-21,52.16582696
2016-09-22,52.16988315
2016-09-23,52.17393944
2016-09-26,52.17799585
2016-09-27,52.18205236
2016-09-28,52.18610898
2016-09-29,52.19016571
2016-09-30,52.19422254
2016-10-03,52.20739616
2016-10-04,52.22057092
2016-10-05,52.23374682
2016-10-06,52.24692386
2016-10-07,52.26010204
2016-10-10,52.27328136
2016-10-11,52.28646182
2016-10-13,52.29964342
2016-10-14,52.31282617
2016-10-17,52.32601005
2016-10-18,52.33919508
2016-10-19,52.35238124
2016-10-20,52.36556855
2016-10-21,52.378757
2016-10-24,52.39194659
2016-10-25,52.40513733
2016-10-26,52.4183292
2016-10-27,52.43152222
2016-10-28,52.44471638
2016-10-31,52.45791168
2016-11-01,52.4670512
2016-11-03,52.47619128
2016-11-04,52.4853319
2016-11-07,52.49447307
2016-11-08,52.50361479
2016-11-09,52.51275705
2016-11-10,52.52189987
2016-11-11,52.53104323
2016-11-14,52.54018714
2016-11-16,52.5493316
2016-11-17,52.5584766
2016-11-18,52.56762216
2016-11-21,52.57676826
2016-11-22,52.58591491
2016-11-23,52.59506211
2016-11-24,52.60420986
2016-11-25,52.61335815
2016-11-28,52.622507
2016-11-29,52.63165639
2016-11-30,52.64080633
2016-12-01,52.65604832
2016-12-02,52.67129184
2016-12-05,52.68653687
2016-12-06,52.70178343
2016-12-07,52.71703151
2016-12-08,52.73228111
2016-12-09,52.74753224
2016-12-12,52.76278488
2016-12-13,52.77803906
2016-12-14,52.79329475
2016-12-15,52.80855197
2016-12-16,52.82381071
2016-12-19,52.83907098
2016-12-20,52.85433276
2016-12-21,52.86959608
2016-12-22,52.88486091
2016-12-23,52.90012728
2016-12-26,52.91539516
2016-12-27,52.93066457
2016-12-28,52.94593551
2016-12-29,52.96120797
2017-01-02,52.98054756
2017-01-03,52.99988959
2017-01-04,53.01923407
2017-01-05,53.038581
2017-01-06,53.05793037
2017-01-09,53.07728219
2017-01-10,53.09663645
2017-01-11,53.11599316
2017-01-12,53.13535232
2017-01-13,53.15471393
2017-01-16,53.17407798
2017-01-17,53.19344449
2017-01-18,53.21281344
2017-01-19,53.23218484
2017-01-20,53.25155869
2017-01-23,53.27093499
2017-01-24,53.29031374
2017-01-26,53.30969494
2017-01-27,53.32907859
2017-01-30,53.34846469
2017-01-31,53.36785324
2017-02-01,53.38469685
2017-02-02,53.40154232
2017-02-03,53.41838963
2017-02-06,53.43523879
2017-02-07,53.45208981
2017-02-08,53.46894267
2017-02-09,53.48579739
2017-02-10,53.50265396
2017-02-13,53.51951237
2017-02-14,53.53637264
2017-02-15,53.55323476
2017-02-16,53.57009874
2017-02-17,53.58696456
2017-02-20,53.60383224
2017-02-21,53.62070177
2017-02-22,53.63757315
2017-02-23,53.65444639
2017-02-24,53.67132148
2017-03-01,53.68411197
2017-03-02,53.69690353
2017-03-03,53.70969616
2017-03-06,53.72248984
2017-03-07,53.7352846
2017-03-08,53.74808042
2017-03-09,53.7608773
2017-03-10,53.77367525
2017-03-13,53.78647426
2017-03-14,53.79927434
2017-03-15,53.81207549
2017-03-16,53.8248777
2017-03-17,53.83768097
2017-03-20,53.85048532
2017-03-21,53.86329072
2017-03-22,53.8760972
2017-03-23,53.88890474
2017-03-24,53.90171334
2017-03-27,53.91452301
2017-03-28,53.92733375
2017-03-29,53.94014555
2017-03-30,53.95295842
2017-03-31,53.96577236
2017-04-03,53.97295257
2017-04-04,53.98013312
2017-04-05,53.987314
2017-04-06,53.99449522
2017-04-07,54.00167677
2017-04-10,54.00885865
2017-04-11,54.01604087
2017-04-12,54.02322343
2017-04-13,54.03040632
2017-04-17,54.03758955
2017-04-18,54.04477311
2017-04-19,54.05195701
2017-04-20,54.05914124
2017-04-24,54.0663258
2017-04-25,54.0735107
2017-04-26,54.08069594
2017-04-27,54.08788151
2017-04-28,54.09506742
2017-05-02,54.11096677
2017-05-03,54.12686775
2017-05-04,54.14277038
2017-05-05,54.15867465
2017-05-08,54.17458056
2017-05-09,54.19048811
2017-05-10,54.2063973
2017-05-11,54.22230814
2017-05-12,54.23822061
2017-05-15,54.25413473
2017-05-16,54.27005049
2017-05-17,54.28596789
2017-05-18,54.30188694
2017-05-19,54.31780762
2017-05-22,54.33372995
2017-05-23,54.34965392
2017-05-24,54.36557954
2017-05-25,54.3815068
2017-05-26,54.3974357
2017-05-29,54.41336624
2017-05-30,54.42929843
2017-05-31,54.44523227
2017-06-01,54.43337828
2017-06-02,54.42152521
2017-06-05,54.40967304
2017-06-06,54.39782179
2017-06-07,54.38597144
2017-06-08,54.37412201
2017-06-09,54.36227348
2017-06-12,54.35042586
2017-06-13,54.33857916
2017-06-14,54.32673336
2017-06-16,54.31488847
2017-06-19,54.30304449
2017-06-20,54.29120142
2017-06-21,54.27935926
2017-06-22,54.267518
2017-06-23,54.25567766
2017-06-26,54.24383822
2017-06-27,54.2319997
2017-06-28,54.22016208
2017-06-29,54.20832537
2017-06-30,54.19648957
2017-07-03,54.208811
2017-07-04,54.22113342
2017-07-05,54.23345682
2017-07-06,54.24578121
2017-07-07,54.25810658
2017-07-10,54.27043293
2017-07-11,54.28276027
2017-07-12,54.2950886
2017-07-13,54.30741791
2017-07-14,54.31974821
2017-07-17,54.33207949
2017-07-18,54.34441176
2017-07-19,54.35674501
2017-07-20,54.36907925
2017-07-21,54.38141447
2017-07-24,54.39375068
2017-07-25,54.40608787
2017-07-26,54.41842605
2017-07-27,54.43076522
2017-07-28,54.44310537
2017-07-31,54.45544651
2017-08-01,54.46521972
2017-08-02,54.47499354
2017-08-03,54.48476798
2017-08-04,54.49454305
2017-08-07,54.50431873
2017-08-08,54.51409502
2017-08-09,54.52387194
2017-08-10,54.53364948
2017-08-11,54.54342763
2017-08-14,54.55320641
2017-08-15,54.5629858
2017-08-16,54.57276581
2017-08-17,54.58254644
2017-08-18,54.59232769
2017-08-21,54.60210955
2017-08-22,54.61189204
2017-08-23,54.62167514
2017-08-24,54.63145887
2017-08-25,54.64124321
2017-08-28,54.65102817
2017-08-29,54.66081376
2017-08-30,54.67059996
2017-08-31,54.68038678
2017-09-01,54.68863002
2017-09-04,54.69687371
2017-09-05,54.70511784
2017-09-06,54.7133624
2017-09-08,54.72160741
2017-09-11,54.72985285
2017-09-12,54.73809874
2017-09-13,54.74634506
2017-09-14,54.75459182
2017-09-15,54.76283902
2017-09-18,54.77108667
2017-09-19,54.77933475
2017-09-20,54.78758327
2017-09-21,54.79583223
2017-09-22,54.80408163
2017-09-25,54.81233147
2017-09-26,54.82058175
2017-09-27,54.82883247
2017-09-28,54.83708362
2017-09-29,54.84533522
2017-10-02,54.86696968
2017-10-03,54.88860717
2017-10-04,54.91024767
2017-10-05,54.9318912
2017-10-06,54.95353776
2017-10-09,54.97518734
2017-10-10,54.99683994
2017-10-11,55.01849557
2017-10-13,55.04015422
2017-10-16,55.0618159
2017-10-17,55.08348061
2017-10-18,55.10514834
2017-10-19,55.1268191
2017-10-20,55.14849289
2017-10-23,55.17016971
2017-10-24,55.19184955
2017-10-25,55.21353243
2017-10-26,55.23521833
2017-10-27,55.25690727
2017-10-30,55.27859923
2017-10-31,55.30029422
2017-11-01,55.31476934
2017-11-03,55.3292458
2017-11-06,55.34372361
2017-11-07,55.35820278
2017-11-08,55.37268329
2017-11-09,55.38716515
2017-11-10,55.40164836
2017-11-13,55.41613292
2017-11-14,55.43061883
2017-11-16,55.44510609
2017-11-17,55.4595947
2017-11-21,55.47408467
2017-11-22,55.48857598
2017-11-23,55.50306864
2017-11-24,55.51756266
2017-11-27,55.53205802
2017-11-28,55.54655474
2017-11-29,55.5610528
2017-11-30,55.57555222
2017-12-01,55.59832158
2017-12-04,55.62109428
2017-12-05,55.6438703
2017-12-06,55.66664966
2017-12-07,55.68943236
2017-12-08,55.71221839
2017-12-11,55.73500775
2017-12-12,55.75780045
2017-12-13,55.78059648
2017-12-14,55.80339585
2017-12-15,55.82619856
2017-12-18,55.84900461
2017-12-19,55.87181399
2017-12-20,55.89462671
2017-12-21,55.91744277
2017-12-22,55.94026217
2017-12-26,55.96308491
2017-12-27,55.98591099
2017-12-28,56.00874041
2018-01-02,56.02380015
2018-01-03,56.03886135
2018-01-04,56.05392401
2018-01-05,56.06898812
2018-01-08,56.08405368
2018-01-09,56.0991207
2018-01-10,56.11418917
2018-01-11,56.12925909
2018-01-12,56.14433047
2018-01-15,56.15940331
2018-01-16,56.1744776
2018-01-17,56.18955334
2018-01-18,56.20463055
2018-01-19,56.2197092
2018-01-22,56.23478931
2018-01-23,56.24987088
2018-01-24,56.2649539
2018-01-26,56.28003838
2018-01-29,56.29512432
2018-01-30,56.31021171
2018-01-31,56.32530056
2018-02-01,56.34194952
2018-02-02,56.35860026
2018-02-05,56.37525277
2018-02-06,56.39190705
2018-02-07,56.4085631
2018-02-08,56.42522093
2018-02-09,56.44188054
2018-02-14,56.45854192
2018-02-15,56.47520507
2018-02-16,56.49187
2018-02-19,56.5085367
2018-02-20,56.52520518
2018-02-21,56.54187543
2018-02-22,56.55854746
2018-02-23,56.57522126
2018-02-26,56.59189684
2018-02-27,56.6085742
2018-02-28,56.62525333
2018-03-01,56.62995004
2018-03-02,56.6346469
2018-03-05,56.6393439
2018-03-06,56.64404103
2018-03-07,56.64873831
2018-03-08,56.65343573
2018-03-09,56.65813329
2018-03-12,56.66283099
2018-03-13,56.66752883
2018-03-14,56.67222682
2018-03-15,56.67692494
2018-03-16,56.6816232
2018-03-19,56.68632161
2018-03-20,56.69102016
2018-03-21,56.69571884
2018-03-22,56.70041767
2018-03-23,56.70511664
2018-03-26,56.70981575
2018-03-27,56.714515
2018-03-28,56.71921439
2018-03-29,56.72391392
2018-04-02,56.73539481
2018-04-03,56.74687653
2018-04-04,56.7583591
2018-04-05,56.7698425
2018-04-06,56.78132675
2018-04-09,56.79281184
2018-04-10,56.80429777
2018-04-11,56.81578454
2018-04-12,56.82727216
2018-04-13,56.83876061
2018-04-16,56.85024991
2018-04-17,56.86174005
2018-04-18,56.87323103
2018-04-19,56.88472285
2018-04-20,56.89621551
2018-04-23,56.90770902
2018-04-24,56.91920337
2018-04-25,56.93069856
2018-04-26,56.94219459
2018-04-27,56.95369146
2018-04-30,56.96518918
2018-05-02,56.98607752
2018-05-03,57.00696863
2018-05-04,57.02786253
2018-05-07,57.0487592
2018-05-08,57.06965866
2018-05-09,57.0905609
2018-05-10,57.11146592
2018-05-11,57.13237372
2018-05-14,57.1532843
2018-05-15,57.17419767
2018-05-16,57.19511382
2018-05-17,57.21603275
2018-05-18,57.23695447
2018-05-21,57.25787897
2018-05-22,57.27880625
2018-05-23,57.29973632
2018-05-24,57.32066918
2018-05-25,57.34160482
2018-05-28,57.36254325
2018-05-29,57.38348446
2018-05-30,57.40442846
2018-06-01,57.47013901
2018-06-04,57.53587699
2018-06-05,57.60164241
2018-06-06,57.66743528
2018-06-07,57.73325562
2018-06-08,57.79910344
2018-06-11,57.86497875
2018-06-12,57.93088156
2018-06-13,57.99681188
2018-06-14,58.06276972
2018-06-15,58.1287551
2018-06-18,58.19476803
2018-06-19,58.26080851
2018-06-20,58.32687656
2018-06-21,58.3929722
2018-06-22,58.45909542
2018-06-25,58.52524625
2018-06-26,58.5914247
2018-06-27,58.65763077
2018-06-28,58.72386448
2018-06-29,58.79012585
2018-07-02,58.80756496
2018-07-03,58.82500599
2018-07-04,58.84244893
2018-07-05,58.8598938
2018-07-06,58.87734057
2018-07-10,58.89478926
2018-07-11,58.91223987
2018-07-12,58.9296924
2018-07-13,58.94714684
2018-07-16,58.9646032
2018-07-17,58.98206148
2018-07-18,58.99952167
2018-07-19,59.01698378
2018-07-20,59.03444781
2018-07-23,59.05191376
2018-07-24,59.06938162
2018-07-25,59.08685141
2018-07-26,59.10432311
2018-07-27,59.12179673
2018-07-30,59.13927227
2018-07-31,59.15674973
2018-08-01,59.15197295
2018-08-02,59.14719631
2018-08-03,59.14241982
2018-08-06,59.13764346
2018-08-07,59.13286726
2018-08-08,59.12809119
2018-08-09,59.12331527
2018-08-10,59.1185395
2018-08-13,59.11376386
2018-08-14,59.10898837
2018-08-15,59.10421302
2018-08-16,59.09943782
2018-08-17,59.09466276
2018-08-20,59.08988784
2018-08-21,59.08511307
2018-08-22,59.08033844
2018-08-23,59.07556395
2018-08-24,59.07078961
2018-08-27,59.06601541
2018-08-28,59.06124135
2018-08-29,59.05646743
2018-08-30,59.05169366
2018-08-31,59.04692003
2018-09-03,59.07230869
2018-09-04,59.0977014
2018-09-05,59.12309816
2018-09-06,59.14849897
2018-09-10,59.17390384
2018-09-11,59.19931276
2018-09-12,59.22472574
2018-09-13,59.25014278
2018-09-14,59.27556388
2018-09-17,59.30098903
2018-09-18,59.32641824
2018-09-19,59.35185151
2018-09-20,59.37728884
2018-09-21,59.40273023
2018-09-24,59.42817568
2018-09-25,59.4536252
2018-09-26,59.47907877
2018-09-27,59.50453641
2018-09-28,59.52999812
2018-10-01,59.55387572
2018-10-02,59.5777569
2018-10-03,59.60164166
2018-10-04,59.62552999
2018-10-05,59.64942189
2018-10-08,59.67331737
2018-10-09,59.69721643
2018-10-10,59.72111906
2018-10-11,59.74502528
2018-10-15,59.76893507
2018-10-16,59.79284844
2018-10-17,59.81676538
2018-10-18,59.84068591
2018-10-19,59.86461002
2018-10-22,59.88853771
2018-10-23,59.91246898
2018-10-24,59.93640383
2018-10-25,59.96034227
2018-10-26,59.98428428
2018-10-29,60.00822989
2018-10-30,60.03217907
2018-10-31,60.05613184
2018-11-01,60.04491652
2018-11-05,60.03370199
2018-11-06,60.02248825
2018-11-07,60.01127529
2018-11-08,60.00006311
2018-11-09,59.98885173
2018-11-12,59.97764112
2018-11-13,59.96643131
2018-11-14,59.95522227
2018-11-16,59.94401403
2018-11-19,59.93280657
2018-11-21,59.92159989
2018-11-22,59.910394
2018-11-23,59.8991889
2018-11-26,59.88798458
2018-11-27,59.87678104
2018-11-28,59.86557829
2018-11-29,59.85437633
2018-11-30,59.84317515
2018-12-03,59.85116152
2018-12-04,59.85914829
2018-12-05,59.86713546
2018-12-06,59.87512302
2018-12-07,59.88311099
2018-12-10,59.89109936
2018-12-11,59.89908812
2018-12-12,59.90707728
2018-12-13,59.91506685
2018-12-14,59.92305681
2018-12-17,59.93104717
2018-12-18,59.93903793
2018-12-19,59.94702909
2018-12-20,59.95502065
2018-12-21,59.96301261
2018-12-26,59.97100497
2018-12-27,59.97899772
2018-12-28,59.98699088
2019-01-02,60.00402982
2019-01-02,60.02107057
2019-01-03,60.03811314
2019-01-03,60.05515753
2019-01-04,60.07220373
2019-01-04,60.08925174
2019-01-07,60.10630157
2019-01-07,60.12335322
2019-01-08,60.14040668
2019-01-08,60.15746196
2019-01-09,60.17451906
2019-01-09,60.19157797
2019-01-10,60.2086387
2019-01-10,60.22570125
2019-01-11,60.24276561
2019-01-11,60.25983179
2019-01-14,60.27689979
2019-01-14,60.2939696
2019-01-15,60.31104124
2019-01-15,60.32811469
2019-01-16,60.34518996
2019-01-16,60.36226705
2019-01-17,60.37934596
2019-01-17,60.39642668
2019-01-18,60.41350923
2019-01-18,60.43059359
2019-01-21,60.44767978
2019-01-21,60.46476778
2019-01-22,60.48185761
2019-01-22,60.49894925
2019-01-23,60.51604272
2019-01-23,60.533138
2019-01-24,60.55023511
2019-01-24,60.56733403
2019-01-28,60.58443478
2019-01-28,60.60153735
2019-01-29,60.61864174
2019-01-29,60.63574795
2019-01-30,60.65285599
2019-01-30,60.66996584
2019-01-31,60.68707752
2019-01-31,60.70419102
2019-02-01,60.72717755
2019-02-01,60.75016737
2019-02-04,60.77316047
2019-02-04,60.79615687
2019-02-05,60.81915655
2019-02-05,60.84215952
2019-02-06,60.86516579
2019-02-06,60.88817534
2019-02-07,60.91118819
2019-02-07,60.93420432
2019-02-08,60.95722375
2019-02-08,60.98024647
2019-02-11,61.00327249
2019-02-11,61.0263018
2019-02-12,61.0493344
2019-02-12,61.0723703
2019-02-13,61.09540949
2019-02-13,61.11845198
2019-02-14,61.14149776
2019-02-14,61.16454684
2019-02-15,61.18759922
2019-02-15,61.21065489
2019-02-18,61.23371386
2019-02-18,61.25677613
2019-02-19,61.2798417
2019-02-19,61.30291057
2019-02-20,61.32598274
2019-02-20,61.3490582
2019-02-21,61.37213697
2019-02-21,61.39521904
2019-02-22,61.41830441
2019-02-22,61.44139309
2019-02-25,61.46448506
2019-02-25,61.48758034
2019-02-26,61.51067892
2019-02-26,61.53378081
2019-02-27,61.556886
2019-02-27,61.57999449
2019-02-28,61.60310629
2019-02-28,61.6262214
2019-03-01,61.6664822
2019-03-01,61.70675303
2019-03-06,61.74703388
2019-03-06,61.78732478
2019-03-07,61.8276257
2019-03-07,61.86793667
2019-03-08,61.90825768
2019-03-08,61.94858873
2019-03-11,61.98892983
2019-03-11,62.02928098
2019-03-12,62.06964218
2019-03-12,62.11001343
2019-03-13,62.15039474
2019-03-13,62.19078611
2019-03-14,62.23118754
2019-03-14,62.27159903
2019-03-15,62.31202059
2019-03-15,62.35245222
2019-03-18,62.39289392
2019-03-18,62.4333457
2019-03-19,62.47380755
2019-03-19,62.51427948
2019-03-20,62.55476149
2019-03-20,62.59525358
2019-03-21,62.63575577
2019-03-21,62.67626804
2019-03-22,62.7167904
2019-03-22,62.75732286
2019-03-25,62.79786541
2019-03-25,62.83841806
2019-03-26,62.87898082
2019-03-26,62.91955367
2019-03-27,62.96013664
2019-03-27,63.00072971
2019-03-28,63.0413329
2019-03-28,63.0819462
2019-03-29,63.12256961
2019-03-29,63.16320315
2019-04-01,63.19411907
2019-04-01,63.22504084
2019-04-02,63.25596848
2019-04-02,63.28690197
2019-04-03,63.31784133
2019-04-03,63.34878655
2019-04-04,63.37973763
2019-04-04,63.41069458
2019-04-05,63.44165739
2019-04-05,63.47262607
2019-04-08,63.50360062
2019-04-08,63.53458104
2019-04-09,63.56556732
2019-04-09,63.59655948
2019-04-10,63.62755751
2019-04-10,63.65856142
2019-04-11,63.68957119
2019-04-11,63.72058685
2019-04-12,63.75160838
2019-04-12,63.78263579
2019-04-15,63.81366908
2019-04-15,63.84470824
2019-04-16,63.87575329
2019-04-16,63.90680422
2019-04-17,63.93786104
2019-04-17,63.96892374
2019-04-18,63.99999232
2019-04-18,64.0310668
2019-04-22,64.06214716
2019-04-22,64.09323341
2019-04-23,64.12432555
2019-04-23,64.15542358
2019-04-24,64.1865275
2019-04-24,64.21763732
2019-04-25,64.24875303
2019-04-25,64.27987463
2019-04-26,64.31100214
2019-04-26,64.34213554
2019-04-29,64.37327484
2019-04-29,64.40442004
2019-04-30,64.43557114
2019-04-30,64.46672815
2019-05-02,64.47385057
2019-05-02,64.48097329
2019-05-03,64.48809633
2019-05-03,64.49521967
2019-05-06,64.50234332
2019-05-06,64.50946728
2019-05-07,64.51659155
2019-05-07,64.52371612
2019-05-08,64.53084101
2019-05-08,64.5379662
2019-05-09,64.54509171
2019-05-09,64.55221752
2019-05-10,64.55934364
2019-05-10,64.56647006
2019-05-13,64.5735968
2019-05-13,64.58072385
2019-05-14,64.5878512
2019-05-14,64.59497886
2019-05-15,64.60210683
2019-05-15,64.60923511
2019-05-16,64.6163637
2019-05-16,64.6234926
2019-05-17,64.63062181
2019-05-17,64.63775132
2019-05-20,64.64488115
2019-05-20,64.65201128
2019-05-21,64.65914172
2019-05-21,64.66627247
2019-05-22,64.67340353
2019-05-22,64.6805349
2019-05-23,64.68766657
2019-05-23,64.69479856
2019-05-24,64.70193085
2019-05-24,64.70906345
2019-05-27,64.71619637
2019-05-27,64.72332959
2019-05-28,64.73046312
2019-05-28,64.73759696
2019-05-29,64.7447311
2019-05-29,64.75186556
2019-05-30,64.75900033
2019-05-30,64.7661354
2019-05-31,64.77327078
2019-05-31,64.78040648
2019-06-03,64.78095572
2019-06-03,64.78150496
2019-06-04,64.78205421
2019-06-04,64.78260345
2019-06-05,64.7831527
2019-06-05,64.78370195
2019-06-06,64.7842512
2019-06-06,64.78480046
2019-06-07,64.78534971
2019-06-07,64.78589897
2019-06-10,64.78644823
2019-06-10,64.78699749
2019-06-11,64.78754676
2019-06-11,64.78809602
2019-06-12,64.78864529
2019-06-12,64.78919456
2019-06-13,64.78974383
2019-06-13,64.7902931
2019-06-14,64.79084238
2019-06-14,64.79139165
2019-06-17,64.79194093
2019-06-17,64.79249021
2019-06-18,64.79303949
2019-06-18,64.79358878
2019-06-19,64.79413806
2019-06-19,64.79468735
2019-06-21,64.79523664
2019-06-21,64.79578593
2019-06-24,64.79633522
2019-06-24,64.79688452
2019-06-25,64.79743381
2019-06-25,64.79798311
2019-06-26,64.79853241
2019-06-26,64.79908171
2019-06-27,64.79963102
2019-06-27,64.80018032
2019-06-28,64.80072963
2019-06-28,64.80127894
2019-07-01,64.81170678
2019-07-01,64.82213528
2019-07-02,64.83256444
2019-07-02,64.84299426
2019-07-03,64.85342474
2019-07-03,64.86385588
2019-07-04,64.87428768
2019-07-04,64.88472015
2019-07-05,64.89515327
2019-07-05,64.90558705
2019-07-08,64.91602149
2019-07-08,64.92645659
2019-07-10,64.93689235
2019-07-10,64.94732877
2019-07-11,64.95776586
2019-07-11,64.9682036
2019-07-12,64.978642
2019-07-12,64.98908107
2019-07-15,64.99952079
2019-07-15,65.00996118
2019-07-16,65.02040222
2019-07-16,65.03084393
2019-07-17,65.0412863
2019-07-17,65.05172932
2019-07-18,65.06217301
2019-07-18,65.07261736
2019-07-19,65.08306237
2019-07-19,65.09350804
2019-07-22,65.10395438
2019-07-22,65.11440137
2019-07-23,65.12484902
2019-07-23,65.13529734
2019-07-24,65.14574631
2019-07-24,65.15619595
2019-07-25,65.16664625
2019-07-25,65.17709721
2019-07-26,65.18754883
2019-07-26,65.19800111
2019-07-29,65.20845406
2019-07-29,65.21890766
2019-07-30,65.22936193
2019-07-30,65.23981686
2019-07-31,65.25027245
2019-07-31,65.2607287
2019-08-01,65.26678504
2019-08-02,65.2728416
2019-08-05,65.27889839
2019-08-06,65.28495539
2019-08-07,65.29101262
2019-08-08,65.29707007
2019-08-09,65.30312775
2019-08-12,65.30918564
2019-08-13,65.31524376
2019-08-14,65.3213021
2019-08-15,65.32736066
2019-08-16,65.33341944
2019-08-19,65.33947844
2019-08-20,65.34553767
2019-08-21,65.35159712
2019-08-22,65.35765679
2019-08-23,65.36371668
2019-08-26,65.3697768
2019-08-27,65.37583713
2019-08-28,65.38189769
2019-08-29,65.38795847
2019-08-30,65.39401948
2019-09-02,65.3918138
2019-09-03,65.38960815
2019-09-04,65.38740253
2019-09-05,65.38519693
2019-09-06,65.38299137
2019-09-09,65.38078584
2019-09-10,65.37858033
2019-09-11,65.37637486
2019-09-12,65.37416942
2019-09-13,65.371964
2019-09-16,65.36975861
2019-09-17,65.36755326
2019-09-18,65.36534793
2019-09-19,65.36314263
2019-09-20,65.36093737
2019-09-23,65.35873213
2019-09-24,65.35652692
2019-09-25,65.35432174
2019-09-26,65.35211659
2019-09-27,65.34991146
2019-09-30,65.34770637
2019-10-01,65.3532153
2019-10-02,65.35872441
2019-10-03,65.36423371
2019-10-04,65.36974319
2019-10-07,65.37525285
2019-10-08,65.38076269
2019-10-09,65.38627272
2019-10-10,65.39178294
2019-10-11,65.39729333
2019-10-14,65.40280391
2019-10-15,65.40831468
2019-10-16,65.41382562
2019-10-17,65.41933676
2019-10-18,65.42484807
2019-10-21,65.43035957
2019-10-22,65.43587125
2019-10-23,65.44138312
2019-10-24,65.44689516
2019-10-25,65.4524074
2019-10-28,65.45791981
2019-10-29,65.46343241
2019-10-30,65.4689452
2019-10-31,65.47445816
2019-11-01,65.50251971
2019-11-04,65.53058602
2019-11-05,65.55865708
2019-11-06,65.58673291
2019-11-07,65.61481349
2019-11-08,65.64289884
2019-11-11,65.67098895
2019-11-12,65.69908383
2019-11-13,65.72718347
2019-11-14,65.75528787
2019-11-18,65.78339704
2019-11-19,65.81151098
2019-11-21,65.83962969
2019-11-22,65.86775316
2019-11-25,65.8958814
2019-11-26,65.92401441
2019-11-27,65.9521522
2019-11-28,65.98029475
2019-11-29,66.00844208
2019-12-02,66.07172758
2019-12-03,66.13503721
2019-12-04,66.19837097
2019-12-05,66.26172887
2019-12-06,66.32511093
2019-12-09,66.38851715
2019-12-10,66.45194754
2019-12-11,66.51540212
2019-12-12,66.57888088
2019-12-13,66.64238384
2019-12-16,66.70591101
2019-12-17,66.7694624
2019-12-18,66.83303801
2019-12-19,66.89663787
2019-12-20,66.96026196
2019-12-23,67.02391031
2019-12-26,67.08758293
2019-12-27,67.15127982
2019-12-30,67.21500099
2020-01-02,67.22669418
2020-01-03,67.23838818
2020-01-06,67.250083
2020-01-07,67.26177864
2020-01-08,67.2734751
2020-01-09,67.28517237
2020-01-10,67.29687046
2020-01-13,67.30856938
2020-01-14,67.3202691
2020-01-15,67.33196965
2020-01-16,67.34367102
2020-01-17,67.3553732
2020-01-20,67.3670762
2020-01-21,67.37878002
2020-01-22,67.39048466
2020-01-23,67.40219012
2020-01-24,67.41389639
2020-01-27,67.42560349
2020-01-28,67.4373114
2020-01-29,67.44902013
2020-01-30,67.46072968
2020-01-31,67.47244005
2020-02-03,67.48637925
2020-02-04,67.50031961
2020-02-05,67.51426114
2020-02-06,67.52820382
2020-02-07,67.54214766
2020-02-10,67.55609266
2020-02-11,67.57003883
2020-02-12,67.58398615
2020-02-13,67.59793463
2020-02-14,67.61188428
2020-02-17,67.62583509
2020-02-18,67.63978706
2020-02-19,67.65374019
2020-02-20,67.66769448
2020-02-21,67.68164993
2020-02-26,67.69560654
2020-02-27,67.70956432
2020-02-28,67.72352325
2020-02-28,67.73748335
2020-03-02,67.7413959
2020-03-03,67.74530855
2020-03-04,67.74922128
2020-03-05,67.75313411
2020-03-06,67.75704702
2020-03-09,67.76096003
2020-03-10,67.76487313
2020-03-11,67.76878632
2020-03-12,67.7726996
2020-03-13,67.77661297
2020-03-16,67.78052643
2020-03-17,67.78443999
2020-03-18,67.78835364
2020-03-19,67.79226737
2020-03-20,67.7961812
2020-03-23,67.80009512
2020-03-24,67.80400913
2020-03-25,67.80792324
2020-03-26,67.81183743
2020-03-27,67.81575172
2020-03-30,67.81966609
2020-03-31,67.82358056
2020-04-01,67.80621275
2020-04-02,67.78884675
2020-04-03,67.77148253
2020-04-06,67.75412012
2020-04-07,67.7367595
2020-04-08,67.71940068
2020-04-09,67.70204365
2020-04-13,67.68468842
2020-04-14,67.66733499
2020-04-15,67.64998335
2020-04-16,67.63263351
2020-04-17,67.61528547
2020-04-20,67.59793922
2020-04-22,67.58059476
2020-04-23,67.5632521
2020-04-24,67.54591123
2020-04-27,67.52857216
2020-04-28,67.51123489
2020-04-29,67.4938994
2020-04-30,67.47656572
2020-05-04,67.45531296
2020-05-05,67.4340629
2020-05-06,67.41281553
2020-05-07,67.39157086
2020-05-08,67.37032889
2020-05-11,67.34908961
2020-05-12,67.32785303
2020-05-13,67.30661915
2020-05-14,67.28538795
2020-05-15,67.26415946
2020-05-18,67.24293365
2020-05-19,67.22171054
2020-05-20,67.20049013
2020-05-21,67.1792724
2020-05-22,67.15805737
2020-05-25,67.13684503
2020-05-26,67.11563538
2020-05-27,67.09442843
2020-05-28,67.07322416
2020-05-29,67.05202259
2020-06-01,67.06648227
2020-06-02,67.0809432
2020-06-03,67.09540538
2020-06-04,67.10986881
2020-06-05,67.1243335
2020-06-08,67.13879944
2020-06-09,67.15326663
2020-06-10,67.16773507
2020-06-12,67.18220477
2020-06-15,67.19667571
2020-06-16,67.21114791
2020-06-17,67.22562137
2020-06-18,67.24009607
2020-06-19,67.25457203
2020-06-22,67.26904924
2020-06-23,67.28352771
2020-06-24,67.29800742
2020-06-25,67.31248839
2020-06-26,67.32697062
2020-06-29,67.3414541
2020-06-30,67.35593883
2020-07-01,67.37598668
2020-07-02,67.39603693
2020-07-03,67.41608959
2020-07-06,67.43614464
2020-07-07,67.4562021
2020-07-08,67.47626196
2020-07-09,67.49632423
2020-07-10,67.5163889
2020-07-13,67.53645597
2020-07-14,67.55652544
2020-07-15,67.57659732
2020-07-16,67.59667161
2020-07-17,67.6167483
2020-07-20,67.63682739
2020-07-21,67.65690889
2020-07-22,67.67699279
2020-07-23,67.6970791
2020-07-24,67.71716782
2020-07-27,67.73725894
2020-07-28,67.75735247
2020-07-29,67.77744841
2020-07-30,67.79754676
2020-07-31,67.81764751
2020-08-03,67.83105737
2020-08-04,67.8444683
2020-08-05,67.85788031
2020-08-06,67.87129339
2020-08-07,67.88470754
2020-08-10,67.89812276
2020-08-11,67.91153905
2020-08-12,67.92495642
2020-08-13,67.93837486
2020-08-14,67.95179436
2020-08-17,67.96521495
2020-08-18,67.9786366
2020-08-19,67.99205933
2020-08-20,68.00548313
2020-08-21,68.018908
2020-08-24,68.03233395
2020-08-25,68.04576096
2020-08-26,68.05918905
2020-08-27,68.07261822
2020-08-28,68.08604845
2020-08-31,68.09947976
2020-09-01,68.13523052
2020-09-02,68.17098888
2020-09-03,68.20675484
2020-09-04,68.24252841
2020-09-08,68.27830959
2020-09-09,68.31409838
2020-09-10,68.34989477
2020-09-11,68.38569879
2020-09-14,68.42151041
2020-09-15,68.45732966
2020-09-16,68.49315652
2020-09-17,68.528991
2020-09-18,68.5648331
2020-09-21,68.60068282
2020-09-22,68.63654017
2020-09-23,68.67240515
2020-09-24,68.70827775
2020-09-25,68.74415798
2020-09-28,68.78004584
2020-09-29,68.81594134
2020-09-30,68.85184447
2020-10-01,68.90004859
2020-10-02,68.94826648
2020-10-05,68.99649812
2020-10-06,69.04474354
2020-10-07,69.09300273
2020-10-08,69.1412757
2020-10-09,69.18956245
2020-10-13,69.23786299
2020-10-14,69.28617731
2020-10-15,69.33450543
2020-10-16,69.38284734
2020-10-19,69.43120306
2020-10-20,69.47957257
2020-10-21,69.5279559
2020-10-22,69.57635304
2020-10-23,69.624764
2020-10-26,69.67318877
2020-10-27,69.72162738
2020-10-28,69.77007981
2020-10-29,69.81854607
2020-10-30,69.86702617