Data,Ãšltimo
08.12.2020,3410.18
07.12.2020,3416.6
04.12.2020,3444.58
03.12.2020,3442.14
02.12.2020,3449.38
01.12.2020,3451.94
30.11.2020,3391.76
27.11.2020,3408.31
26.11.2020,3369.73
25.11.2020,3362.33
24.11.2020,3402.82
23.11.2020,3414.49
20.11.2020,3377.73
19.11.2020,3363.09
18.11.2020,3347.3
17.11.2020,3339.9
16.11.2020,3346.97
13.11.2020,3310.1
12.11.2020,3338.68
11.11.2020,3342.2
10.11.2020,3360.15
09.11.2020,3373.73
06.11.2020,3312.16
05.11.2020,3320.13
04.11.2020,3277.44
03.11.2020,3271.07
02.11.2020,3225.12
30.10.2020,3224.53
29.10.2020,3272.73
28.10.2020,3269.24
27.10.2020,3254.32
26.10.2020,3251.12
23.10.2020,3278
22.10.2020,3312.5
21.10.2020,3325.02
20.10.2020,3328.1
19.10.2020,3312.67
16.10.2020,3336.36
15.10.2020,3332.18
14.10.2020,3340.78
13.10.2020,3359.75
12.10.2020,3358.47
09.10.2020,3272.08
30.09.2020,3218.05
29.09.2020,3224.36
28.09.2020,3217.53
25.09.2020,3219.42
24.09.2020,3223.18
23.09.2020,3279.71
22.09.2020,3274.3
21.09.2020,3316.94
18.09.2020,3338.09
17.09.2020,3270.44
16.09.2020,3283.92
15.09.2020,3295.68
14.09.2020,3278.81
11.09.2020,3260.35
10.09.2020,3234.82
09.09.2020,3254.63
08.09.2020,3316.42
07.09.2020,3292.59
04.09.2020,3355.37
03.09.2020,3384.98
02.09.2020,3404.8
01.09.2020,3410.61
31.08.2020,3395.68
28.08.2020,3403.81
27.08.2020,3350.11
26.08.2020,3329.74
25.08.2020,3373.58
24.08.2020,3385.64
21.08.2020,3380.68
20.08.2020,3363.9
19.08.2020,3408.13
18.08.2020,3451.09
17.08.2020,3438.8
14.08.2020,3360.1
13.08.2020,3320.73
12.08.2020,3319.27
11.08.2020,3340.29
10.08.2020,3379.25
07.08.2020,3354.04
06.08.2020,3386.46
05.08.2020,3377.56
04.08.2020,3371.69
03.08.2020,3367.97
31.07.2020,3310.01
30.07.2020,3286.82
29.07.2020,3294.55
28.07.2020,3227.96
27.07.2020,3205.23
24.07.2020,3196.77
23.07.2020,3325.11
22.07.2020,3333.16
21.07.2020,3320.89
20.07.2020,3314.15
17.07.2020,3214.13
16.07.2020,3210.1
15.07.2020,3361.3
14.07.2020,3414.62
13.07.2020,3443.29
10.07.2020,3383.32
09.07.2020,3450.59
08.07.2020,3403.44
07.07.2020,3345.34
06.07.2020,3332.88
03.07.2020,3152.81
02.07.2020,3090.57
01.07.2020,3025.98
30.06.2020,2984.67
29.06.2020,2961.52
24.06.2020,2979.55
23.06.2020,2970.62
22.06.2020,2965.27
19.06.2020,2967.63
18.06.2020,2939.32
17.06.2020,2935.87
16.06.2020,2931.75
15.06.2020,2890.03
12.06.2020,2919.74
11.06.2020,2920.9
10.06.2020,2943.75
09.06.2020,2956.11
08.06.2020,2937.77
05.06.2020,2930.8
04.06.2020,2919.25
03.06.2020,2923.37
02.06.2020,2921.4
01.06.2020,2915.43
29.05.2020,2852.35
28.05.2020,2846.22
27.05.2020,2836.8
26.05.2020,2846.55
25.05.2020,2817.97
22.05.2020,2813.77
21.05.2020,2867.92
20.05.2020,2883.74
19.05.2020,2898.58
18.05.2020,2875.42
15.05.2020,2868.46
14.05.2020,2870.34
13.05.2020,2898.05
12.05.2020,2891.56
11.05.2020,2894.8
08.05.2020,2895.34
07.05.2020,2871.52
06.05.2020,2878.14
30.04.2020,2860.08
29.04.2020,2822.44
28.04.2020,2810.02
27.04.2020,2815.49
24.04.2020,2808.53
23.04.2020,2838.5
22.04.2020,2843.98
21.04.2020,2827.01
20.04.2020,2852.55
17.04.2020,2838.49
16.04.2020,2819.94
15.04.2020,2811.17
14.04.2020,2827.28
13.04.2020,2783.05
10.04.2020,2796.63
09.04.2020,2825.9
08.04.2020,2815.37
07.04.2020,2820.76
03.04.2020,2763.99
02.04.2020,2780.64
01.04.2020,2734.52
31.03.2020,2750.3
30.03.2020,2747.21
27.03.2020,2772.2
26.03.2020,2764.91
25.03.2020,2781.59
24.03.2020,2722.44
23.03.2020,2660.17
20.03.2020,2745.62
19.03.2020,2702.13
18.03.2020,2728.76
17.03.2020,2779.64
16.03.2020,2789.25
13.03.2020,2887.43
12.03.2020,2923.49
11.03.2020,2968.52
10.03.2020,2996.76
09.03.2020,2943.29
06.03.2020,3034.51
05.03.2020,3071.68
04.03.2020,3011.67
03.03.2020,2992.9
02.03.2020,2970.93
28.02.2020,2880.3
27.02.2020,2991.33
26.02.2020,2987.93
25.02.2020,3013.05
24.02.2020,3031.23
21.02.2020,3039.67
20.02.2020,3030.15
19.02.2020,2975.4
18.02.2020,2984.97
17.02.2020,2983.62
14.02.2020,2917.01
13.02.2020,2906.07
12.02.2020,2926.9
11.02.2020,2901.67
10.02.2020,2890.49
07.02.2020,2875.96
06.02.2020,2866.51
05.02.2020,2818.09
04.02.2020,2783.29
03.02.2020,2746.61
23.01.2020,2976.53
22.01.2020,3060.75
21.01.2020,3052.14
20.01.2020,3095.79
17.01.2020,3075.5
16.01.2020,3074.08
15.01.2020,3090.04
14.01.2020,3106.82
13.01.2020,3115.57
10.01.2020,3092.29
09.01.2020,3094.88
08.01.2020,3066.89
07.01.2020,3104.8
06.01.2020,3083.41
03.01.2020,3083.79
02.01.2020,3085.2
31.12.2019,3050.12
30.12.2019,3040.02
27.12.2019,3005.04
26.12.2019,3007.35
25.12.2019,2981.88
24.12.2019,2982.68
23.12.2019,2962.75
20.12.2019,3004.94
19.12.2019,3017.07
18.12.2019,3017.04
17.12.2019,3022.42
16.12.2019,2984.39
13.12.2019,2967.68
12.12.2019,2915.7
11.12.2019,2924.42
10.12.2019,2917.32
09.12.2019,2914.48
06.12.2019,2912.01
05.12.2019,2899.47
04.12.2019,2878.12
03.12.2019,2884.7
02.12.2019,2875.81
29.11.2019,2871.98
28.11.2019,2889.69
27.11.2019,2903.19
26.11.2019,2907.06
25.11.2019,2906.17
22.11.2019,2885.29
21.11.2019,2903.64
20.11.2019,2911.05
19.11.2019,2933.99
18.11.2019,2909.2
15.11.2019,2891.34
14.11.2019,2909.87
13.11.2019,2905.24
12.11.2019,2914.82
11.11.2019,2909.97
08.11.2019,2964.18
07.11.2019,2978.71
06.11.2019,2978.6
05.11.2019,2991.56
04.11.2019,2975.49
01.11.2019,2958.2
31.10.2019,2929.06
30.10.2019,2939.32
29.10.2019,2954.18
28.10.2019,2980.05
25.10.2019,2954.93
24.10.2019,2940.92
23.10.2019,2941.62
22.10.2019,2954.38
21.10.2019,2939.62
18.10.2019,2938.14
17.10.2019,2977.33
16.10.2019,2978.71
15.10.2019,2991.05
14.10.2019,3007.88
11.10.2019,2973.66
10.10.2019,2947.71
09.10.2019,2924.86
08.10.2019,2913.57
30.09.2019,2905.19
27.09.2019,2932.17
26.09.2019,2929.09
25.09.2019,2955.43
24.09.2019,2985.34
23.09.2019,2977.08
20.09.2019,3006.45
19.09.2019,2999.28
18.09.2019,2985.66
17.09.2019,2978.12
16.09.2019,3030.75
12.09.2019,3031.24
11.09.2019,3008.81
10.09.2019,3021.2
09.09.2019,3024.74
06.09.2019,2999.6
05.09.2019,2985.86
04.09.2019,2957.41
03.09.2019,2930.15
02.09.2019,2924.11
30.08.2019,2886.24
29.08.2019,2890.92
28.08.2019,2893.76
27.08.2019,2902.19
26.08.2019,2863.57
23.08.2019,2897.43
22.08.2019,2883.44
21.08.2019,2880.33
20.08.2019,2880
19.08.2019,2883.1
16.08.2019,2823.82
15.08.2019,2815.8
14.08.2019,2808.91
13.08.2019,2797.26
12.08.2019,2814.99
09.08.2019,2774.75
08.08.2019,2794.55
07.08.2019,2768.68
06.08.2019,2777.56
05.08.2019,2821.5
02.08.2019,2867.84
01.08.2019,2908.77
31.07.2019,2932.51
30.07.2019,2952.34
29.07.2019,2941.01
26.07.2019,2944.54
25.07.2019,2937.36
24.07.2019,2923.28
23.07.2019,2899.94
22.07.2019,2886.97
19.07.2019,2924.2
18.07.2019,2901.18
17.07.2019,2931.69
16.07.2019,2937.62
15.07.2019,2942.19
12.07.2019,2930.55
11.07.2019,2917.76
10.07.2019,2915.3
09.07.2019,2928.23
08.07.2019,2933.36
05.07.2019,3011.06
04.07.2019,3005.25
03.07.2019,3015.26
02.07.2019,3043.94
01.07.2019,3044.9
28.06.2019,2978.88
27.06.2019,2996.79
26.06.2019,2976.28
25.06.2019,2982.07
24.06.2019,3008.15
21.06.2019,3001.98
20.06.2019,2987.12
19.06.2019,2917.8
18.06.2019,2890.16
17.06.2019,2887.62
14.06.2019,2881.97
13.06.2019,2910.74
12.06.2019,2909.38
11.06.2019,2925.72
10.06.2019,2852.13
06.06.2019,2827.8
05.06.2019,2861.42
04.06.2019,2862.28
03.06.2019,2890.08
31.05.2019,2898.7
30.05.2019,2905.81
29.05.2019,2914.7
28.05.2019,2909.91
27.05.2019,2892.38
24.05.2019,2852.99
23.05.2019,2852.52
22.05.2019,2891.7
21.05.2019,2905.97
20.05.2019,2870.6
17.05.2019,2882.3
16.05.2019,2955.71
15.05.2019,2938.68
14.05.2019,2883.61
13.05.2019,2903.71
10.05.2019,2939.21
09.05.2019,2850.95
08.05.2019,2893.76
07.05.2019,2926.39
06.05.2019,2906.46
30.04.2019,3078.34
29.04.2019,3062.5
26.04.2019,3086.4
25.04.2019,3123.83
24.04.2019,3201.61
23.04.2019,3198.59
22.04.2019,3215.04
19.04.2019,3270.8
18.04.2019,3250.2
17.04.2019,3263.12
16.04.2019,3253.6
15.04.2019,3177.79
12.04.2019,3188.63
11.04.2019,3189.96
10.04.2019,3241.93
09.04.2019,3239.66
08.04.2019,3244.81
04.04.2019,3246.57
03.04.2019,3216.3
02.04.2019,3176.82
01.04.2019,3170.36
29.03.2019,3090.76
28.03.2019,2994.94
27.03.2019,3022.72
26.03.2019,2997.1
25.03.2019,3043.03
22.03.2019,3104.15
21.03.2019,3101.45
20.03.2019,3090.64
19.03.2019,3090.97
18.03.2019,3096.42
15.03.2019,3021.75
14.03.2019,2990.68
13.03.2019,3026.95
12.03.2019,3060.31
11.03.2019,3026.99
08.03.2019,2969.86
07.03.2019,3106.42
06.03.2019,3102.1
05.03.2019,3054.25
04.03.2019,3027.58
01.03.2019,2994.01
28.02.2019,2940.95
27.02.2019,2953.82
26.02.2019,2941.52
25.02.2019,2961.28
22.02.2019,2804.23
21.02.2019,2751.8
20.02.2019,2761.22
19.02.2019,2755.65
18.02.2019,2754.36
15.02.2019,2682.39
14.02.2019,2719.7
13.02.2019,2721.07
12.02.2019,2671.89
11.02.2019,2653.9
01.02.2019,2618.23
31.01.2019,2584.57
30.01.2019,2575.58
29.01.2019,2594.25
28.01.2019,2596.98
25.01.2019,2601.72
24.01.2019,2591.69
23.01.2019,2581
22.01.2019,2579.7
21.01.2019,2610.51
18.01.2019,2596.01
17.01.2019,2559.64
16.01.2019,2570.42
15.01.2019,2570.34
14.01.2019,2535.77
11.01.2019,2553.83
10.01.2019,2535.1
09.01.2019,2544.34
08.01.2019,2526.46
07.01.2019,2533.09
04.01.2019,2514.87
03.01.2019,2464.36
02.01.2019,2465.29
28.12.2018,2493.9
27.12.2018,2483.09
26.12.2018,2498.29
25.12.2018,2504.82
24.12.2018,2527.01
21.12.2018,2516.25
20.12.2018,2536.27
19.12.2018,2549.56
18.12.2018,2576.65
17.12.2018,2597.97
14.12.2018,2593.74
13.12.2018,2634.05
12.12.2018,2602.15
11.12.2018,2594.09
10.12.2018,2584.58
07.12.2018,2605.89
06.12.2018,2605.18
05.12.2018,2649.81
04.12.2018,2665.96
03.12.2018,2654.8
30.11.2018,2588.19
29.11.2018,2567.44
28.11.2018,2601.74
27.11.2018,2574.68
26.11.2018,2575.81
23.11.2018,2579.48
22.11.2018,2645.43
21.11.2018,2651.51
20.11.2018,2645.85
19.11.2018,2703.51
16.11.2018,2679.11
15.11.2018,2668.17
14.11.2018,2632.24
13.11.2018,2654.88
12.11.2018,2630.52
09.11.2018,2598.87
08.11.2018,2635.63
07.11.2018,2641.34
06.11.2018,2659.36
05.11.2018,2665.43
02.11.2018,2676.48
01.11.2018,2606.24
31.10.2018,2602.78
30.10.2018,2568.05
29.10.2018,2542.1
26.10.2018,2598.85
25.10.2018,2603.8
24.10.2018,2603.3
23.10.2018,2594.83
22.10.2018,2654.88
19.10.2018,2550.47
18.10.2018,2486.42
17.10.2018,2561.61
16.10.2018,2546.33
15.10.2018,2568.1
12.10.2018,2606.91
11.10.2018,2583.46
10.10.2018,2725.84
09.10.2018,2721.01
08.10.2018,2716.51
28.09.2018,2821.35
27.09.2018,2791.77
26.09.2018,2806.81
25.09.2018,2781.14
21.09.2018,2797.48
20.09.2018,2729.24
19.09.2018,2730.85
18.09.2018,2699.95
17.09.2018,2651.79
14.09.2018,2681.64
13.09.2018,2686.58
12.09.2018,2656.11
11.09.2018,2664.8
10.09.2018,2669.48
07.09.2018,2702.3
06.09.2018,2691.59
05.09.2018,2704.34
04.09.2018,2750.58
03.09.2018,2720.73
31.08.2018,2725.25
30.08.2018,2737.74
29.08.2018,2769.29
28.08.2018,2777.98
27.08.2018,2780.9
24.08.2018,2729.43
23.08.2018,2724.62
22.08.2018,2714.61
21.08.2018,2733.83
20.08.2018,2698.47
17.08.2018,2668.97
16.08.2018,2705.19
15.08.2018,2723.26
14.08.2018,2780.96
13.08.2018,2785.87
10.08.2018,2795.31
09.08.2018,2794.38
08.08.2018,2744.07
07.08.2018,2779.37
06.08.2018,2705.16
03.08.2018,2740.44
02.08.2018,2768.02
01.08.2018,2824.53
31.07.2018,2876.4
30.07.2018,2869.05
27.07.2018,2873.59
26.07.2018,2882.23
25.07.2018,2903.65
24.07.2018,2905.56
23.07.2018,2859.54
20.07.2018,2829.27
19.07.2018,2772.55
18.07.2018,2787.26
17.07.2018,2798.13
16.07.2018,2814.04
13.07.2018,2831.18
12.07.2018,2837.66
11.07.2018,2777.77
10.07.2018,2827.63
09.07.2018,2815.11
06.07.2018,2747.23
05.07.2018,2733.88
04.07.2018,2759.13
03.07.2018,2786.89
02.07.2018,2775.56
29.06.2018,2847.42
28.06.2018,2786.9
27.06.2018,2813.18
26.06.2018,2844.51
25.06.2018,2859.34
22.06.2018,2889.76
21.06.2018,2875.81
20.06.2018,2915.73
19.06.2018,2907.82
15.06.2018,3021.9
14.06.2018,3044.16
13.06.2018,3049.8
12.06.2018,3079.8
11.06.2018,3052.78
08.06.2018,3067.15
07.06.2018,3109.5
06.06.2018,3115.18
05.06.2018,3114.21
04.06.2018,3091.19
01.06.2018,3075.14
31.05.2018,3095.47
30.05.2018,3041.44
29.05.2018,3120.46
28.05.2018,3135.08
25.05.2018,3141.3
24.05.2018,3154.65
23.05.2018,3168.96
22.05.2018,3214.35
21.05.2018,3213.84
18.05.2018,3193.3
17.05.2018,3154.28
16.05.2018,3169.57
15.05.2018,3192.12
14.05.2018,3174.03
11.05.2018,3163.26
10.05.2018,3174.41
09.05.2018,3159.15
08.05.2018,3161.5
07.05.2018,3136.64
04.05.2018,3091.03
03.05.2018,3100.86
02.05.2018,3081.18
27.04.2018,3082.23
26.04.2018,3075.03
25.04.2018,3117.97
24.04.2018,3128.93
23.04.2018,3068.01
20.04.2018,3071.54
19.04.2018,3117.38
18.04.2018,3091.4
17.04.2018,3066.8
16.04.2018,3110.65
13.04.2018,3159.05
12.04.2018,3180.16
11.04.2018,3208.08
10.04.2018,3190.32
09.04.2018,3138.29
04.04.2018,3131.11
03.04.2018,3136.63
02.04.2018,3163.18
30.03.2018,3168.9
29.03.2018,3160.53
28.03.2018,3122.29
27.03.2018,3166.65
26.03.2018,3133.72
23.03.2018,3152.76
22.03.2018,3263.48
21.03.2018,3280.95
20.03.2018,3290.64
19.03.2018,3279.25
16.03.2018,3269.88
15.03.2018,3291.11
14.03.2018,3291.38
13.03.2018,3310.24
12.03.2018,3326.7
09.03.2018,3307.17
08.03.2018,3288.41
07.03.2018,3271.67
06.03.2018,3289.64
05.03.2018,3256.93
02.03.2018,3254.53
01.03.2018,3273.75
28.02.2018,3259.41
27.02.2018,3292.07
26.02.2018,3329.57
23.02.2018,3289.02
22.02.2018,3268.56
14.02.2018,3199.16
13.02.2018,3184.96
12.02.2018,3154.13
09.02.2018,3129.85
08.02.2018,3262.05
07.02.2018,3309.26
06.02.2018,3370.65
05.02.2018,3487.5
02.02.2018,3462.08
01.02.2018,3446.98
31.01.2018,3480.83
30.01.2018,3488.01
29.01.2018,3523
26.01.2018,3558.13
25.01.2018,3548.31
24.01.2018,3559.47
23.01.2018,3546.5
22.01.2018,3501.36
19.01.2018,3487.86
18.01.2018,3474.75
17.01.2018,3444.67
16.01.2018,3436.59
15.01.2018,3410.49
12.01.2018,3428.94
11.01.2018,3425.34
10.01.2018,3421.83
09.01.2018,3413.9
08.01.2018,3409.48
05.01.2018,3391.75
04.01.2018,3385.71
03.01.2018,3369.11
02.01.2018,3348.33
29.12.2017,3307.17
28.12.2017,3296.38
27.12.2017,3275.78
26.12.2017,3306.12
25.12.2017,3280.46
22.12.2017,3297.06
21.12.2017,3300.06
20.12.2017,3287.61
19.12.2017,3296.54
18.12.2017,3267.92
15.12.2017,3266.14
14.12.2017,3292.44
13.12.2017,3303.04
12.12.2017,3280.81
11.12.2017,3322.2
08.12.2017,3289.99
07.12.2017,3272.05
06.12.2017,3293.96
05.12.2017,3303.68
04.12.2017,3309.62
01.12.2017,3317.62
30.11.2017,3317.19
29.11.2017,3337.86
28.11.2017,3333.66
27.11.2017,3322.23
24.11.2017,3353.82
23.11.2017,3351.92
22.11.2017,3430.46
21.11.2017,3410.5
20.11.2017,3392.4
17.11.2017,3382.91
16.11.2017,3399.25
15.11.2017,3402.52
14.11.2017,3429.55
13.11.2017,3447.84
10.11.2017,3432.67
09.11.2017,3427.79
08.11.2017,3415.46
07.11.2017,3413.57
06.11.2017,3388.17
03.11.2017,3371.74
02.11.2017,3383.31
01.11.2017,3395.91
31.10.2017,3393.34
30.10.2017,3390.34
27.10.2017,3416.81
26.10.2017,3407.57
25.10.2017,3396.9
24.10.2017,3388.25
23.10.2017,3380.7
20.10.2017,3378.65
19.10.2017,3370.17
18.10.2017,3381.79
17.10.2017,3372.04
16.10.2017,3378.47
13.10.2017,3390.52
12.10.2017,3386.1
11.10.2017,3388.28
10.10.2017,3382.99
09.10.2017,3374.38
29.09.2017,3348.94
28.09.2017,3339.64
27.09.2017,3345.27
26.09.2017,3343.58
25.09.2017,3341.55
22.09.2017,3352.53
21.09.2017,3357.81
20.09.2017,3366
19.09.2017,3356.84
18.09.2017,3362.86
15.09.2017,3353.62
14.09.2017,3371.43
13.09.2017,3384.15
12.09.2017,3379.49
11.09.2017,3376.42
08.09.2017,3365.24
07.09.2017,3365.5
06.09.2017,3385.39
05.09.2017,3384.32
04.09.2017,3379.58
01.09.2017,3367.12
31.08.2017,3360.81
30.08.2017,3363.63
29.08.2017,3365.23
28.08.2017,3362.65
25.08.2017,3331.52
24.08.2017,3271.51
23.08.2017,3287.7
22.08.2017,3290.23
21.08.2017,3286.91
18.08.2017,3268.72
17.08.2017,3268.43
16.08.2017,3246.45
15.08.2017,3251.26
14.08.2017,3237.36
11.08.2017,3208.54
10.08.2017,3261.75
09.08.2017,3275.57
08.08.2017,3281.87
07.08.2017,3279.46
04.08.2017,3262.08
03.08.2017,3272.93
02.08.2017,3285.06
01.08.2017,3292.64
31.07.2017,3273.03
28.07.2017,3253.24
27.07.2017,3249.78
26.07.2017,3247.67
25.07.2017,3243.69
24.07.2017,3250.6
21.07.2017,3237.98
20.07.2017,3244.86
19.07.2017,3230.98
18.07.2017,3187.57
17.07.2017,3176.46
14.07.2017,3222.42
13.07.2017,3218.16
12.07.2017,3197.54
11.07.2017,3203.04
10.07.2017,3212.63
07.07.2017,3217.96
06.07.2017,3212.44
05.07.2017,3207.13
04.07.2017,3182.8
03.07.2017,3195.91
30.06.2017,3192.43
29.06.2017,3188.06
28.06.2017,3173.2
27.06.2017,3191.2
26.06.2017,3185.44
23.06.2017,3157.87
22.06.2017,3147.45
21.06.2017,3156.21
20.06.2017,3140.01
19.06.2017,3144.37
16.06.2017,3123.17
15.06.2017,3132.49
14.06.2017,3130.67
13.06.2017,3153.74
12.06.2017,3139.88
09.06.2017,3158.4
08.06.2017,3150.33
07.06.2017,3140.32
06.06.2017,3102.13
05.06.2017,3091.66
02.06.2017,3105.54
01.06.2017,3102.62
31.05.2017,3117.18
26.05.2017,3110.06
25.05.2017,3107.83
24.05.2017,3064.08
23.05.2017,3061.95
22.05.2017,3075.68
19.05.2017,3090.63
18.05.2017,3090.14
17.05.2017,3104.44
16.05.2017,3112.96
15.05.2017,3090.23
12.05.2017,3083.51
11.05.2017,3061.5
10.05.2017,3052.78
09.05.2017,3080.53
08.05.2017,3078.61
05.05.2017,3103.04
04.05.2017,3127.37
03.05.2017,3135.35
02.05.2017,3143.71
28.04.2017,3154.66
27.04.2017,3152.19
26.04.2017,3140.85
25.04.2017,3134.57
24.04.2017,3129.53
21.04.2017,3173.15
20.04.2017,3172.1
19.04.2017,3170.69
18.04.2017,3196.71
17.04.2017,3222.17
14.04.2017,3246.07
13.04.2017,3275.96
12.04.2017,3273.83
11.04.2017,3288.97
10.04.2017,3269.39
07.04.2017,3286.62
06.04.2017,3281
05.04.2017,3270.31
31.03.2017,3222.51
30.03.2017,3210.24
29.03.2017,3241.31
28.03.2017,3252.95
27.03.2017,3266.96
24.03.2017,3269.45
23.03.2017,3248.55
22.03.2017,3245.22
21.03.2017,3261.61
20.03.2017,3250.81
17.03.2017,3237.45
16.03.2017,3268.94
15.03.2017,3241.76
14.03.2017,3239.33
13.03.2017,3237.02
10.03.2017,3212.76
09.03.2017,3216.75
08.03.2017,3240.66
07.03.2017,3242.41
06.03.2017,3233.87
03.03.2017,3218.31
02.03.2017,3230.03
01.03.2017,3246.93
28.02.2017,3241.73
27.02.2017,3228.66
24.02.2017,3253.43
23.02.2017,3251.38
22.02.2017,3261.22
21.02.2017,3253.33
20.02.2017,3239.96
17.02.2017,3202.08
16.02.2017,3229.62
15.02.2017,3212.99
14.02.2017,3217.93
13.02.2017,3216.84
10.02.2017,3196.7
09.02.2017,3183.18
08.02.2017,3166.98
07.02.2017,3153.09
06.02.2017,3156.98
03.02.2017,3140.17
26.01.2017,3159.17
25.01.2017,3149.55
24.01.2017,3142.55
23.01.2017,3136.77
20.01.2017,3123.14
19.01.2017,3101.3
18.01.2017,3113.01
17.01.2017,3108.77
16.01.2017,3103.43
13.01.2017,3112.76
12.01.2017,3119.29
11.01.2017,3136.75
10.01.2017,3161.67
09.01.2017,3171.24
06.01.2017,3154.32
05.01.2017,3165.41
04.01.2017,3158.79
03.01.2017,3135.92
30.12.2016,3103.64
29.12.2016,3096.1
28.12.2016,3102.24
27.12.2016,3114.66
26.12.2016,3122.57
23.12.2016,3110.15
22.12.2016,3139.56
21.12.2016,3137.43
20.12.2016,3102.88
19.12.2016,3118.08
16.12.2016,3122.98
15.12.2016,3117.68
14.12.2016,3140.53
13.12.2016,3155.04
12.12.2016,3152.97
09.12.2016,3232.88
08.12.2016,3215.37
07.12.2016,3222.24
06.12.2016,3199.65
05.12.2016,3204.71
02.12.2016,3243.84
01.12.2016,3273.31
30.11.2016,3250.03
29.11.2016,3282.92
28.11.2016,3277
25.11.2016,3261.94
24.11.2016,3241.74
23.11.2016,3241.14
22.11.2016,3248.35
21.11.2016,3218.15
18.11.2016,3192.86
17.11.2016,3208.45
16.11.2016,3205.06
15.11.2016,3206.99
14.11.2016,3210.37
11.11.2016,3196.04
10.11.2016,3171.28
09.11.2016,3128.37
08.11.2016,3147.89
07.11.2016,3133.33
04.11.2016,3125.32
03.11.2016,3128.94
02.11.2016,3102.73
01.11.2016,3122.44
31.10.2016,3100.49
28.10.2016,3104.27
27.10.2016,3112.35
26.10.2016,3116.31
25.10.2016,3131.94
24.10.2016,3128.25
21.10.2016,3090.94
20.10.2016,3084.46
19.10.2016,3084.72
18.10.2016,3083.88
17.10.2016,3041.17
14.10.2016,3063.81
13.10.2016,3061.35
12.10.2016,3058.5
11.10.2016,3065.25
10.10.2016,3048.14
30.09.2016,3004.7
29.09.2016,2998.48
28.09.2016,2987.86
27.09.2016,2998.17
26.09.2016,2980.43
23.09.2016,3033.9
22.09.2016,3042.31
21.09.2016,3025.87
20.09.2016,3023
19.09.2016,3026.05
14.09.2016,3002.85
13.09.2016,3023.51
12.09.2016,3021.98
09.09.2016,3078.85
08.09.2016,3095.95
07.09.2016,3091.93
06.09.2016,3090.71
05.09.2016,3072.1
02.09.2016,3067.35
01.09.2016,3063.31
31.08.2016,3085.49
30.08.2016,3074.68
29.08.2016,3070.03
26.08.2016,3070.31
25.08.2016,3068.33
24.08.2016,3085.88
23.08.2016,3089.71
22.08.2016,3084.81
19.08.2016,3108.1
18.08.2016,3104.11
17.08.2016,3109.55
16.08.2016,3110.04
15.08.2016,3125.2
12.08.2016,3050.67
11.08.2016,3002.64
10.08.2016,3018.75
09.08.2016,3025.68
08.08.2016,3004.28
05.08.2016,2976.7
04.08.2016,2982.43
03.08.2016,2978.46
02.08.2016,2971.28
01.08.2016,2953.39
29.07.2016,2979.34
28.07.2016,2994.32
27.07.2016,2992
26.07.2016,3050.17
25.07.2016,3015.83
22.07.2016,3012.82
21.07.2016,3039.01
20.07.2016,3027.9
19.07.2016,3036.6
18.07.2016,3043.56
15.07.2016,3054.3
14.07.2016,3054.02
13.07.2016,3060.69
12.07.2016,3049.38
11.07.2016,2994.92
08.07.2016,2988.09
07.07.2016,3016.85
06.07.2016,3017.29
05.07.2016,3006.39
04.07.2016,2988.6
01.07.2016,2932.48
30.06.2016,2929.61
29.06.2016,2931.59
28.06.2016,2912.56
27.06.2016,2895.7
24.06.2016,2854.29
23.06.2016,2891.96
22.06.2016,2905.55
21.06.2016,2878.56
20.06.2016,2888.81
17.06.2016,2885.11
16.06.2016,2872.82
15.06.2016,2887.21
14.06.2016,2842.19
13.06.2016,2833.07
08.06.2016,2927.16
07.06.2016,2936.04
06.06.2016,2934.1
03.06.2016,2938.68
02.06.2016,2925.23
01.06.2016,2913.51
31.05.2016,2916.62
30.05.2016,2822.45
27.05.2016,2821.05
26.05.2016,2822.44
25.05.2016,2815.09
24.05.2016,2821.67
23.05.2016,2843.64
20.05.2016,2825.48
19.05.2016,2806.91
18.05.2016,2807.51
17.05.2016,2843.68
16.05.2016,2850.86
13.05.2016,2827.11
12.05.2016,2835.86
11.05.2016,2837.04
10.05.2016,2832.59
09.05.2016,2832.11
06.05.2016,2913.25
05.05.2016,2997.84
04.05.2016,2991.27
03.05.2016,2992.64
29.04.2016,2938.32
28.04.2016,2945.59
27.04.2016,2953.67
26.04.2016,2964.7
25.04.2016,2946.67
22.04.2016,2959.24
21.04.2016,2952.89
20.04.2016,2972.58
19.04.2016,3042.82
18.04.2016,3033.66
15.04.2016,3078.12
14.04.2016,3082.36
13.04.2016,3066.64
12.04.2016,3023.65
11.04.2016,3033.96
08.04.2016,2984.96
07.04.2016,3008.42
06.04.2016,3050.59
05.04.2016,3053.07
01.04.2016,3009.53
31.03.2016,3003.92
30.03.2016,3000.64
29.03.2016,2919.83
28.03.2016,2957.82
25.03.2016,2979.43
24.03.2016,2960.97
23.03.2016,3009.96
22.03.2016,2999.36
21.03.2016,3018.8
18.03.2016,2955.15
17.03.2016,2904.83
16.03.2016,2870.43
15.03.2016,2864.37
14.03.2016,2859.5
11.03.2016,2810.31
10.03.2016,2804.73
09.03.2016,2862.56
08.03.2016,2901.39
07.03.2016,2897.34
04.03.2016,2874.15
03.03.2016,2859.76
02.03.2016,2849.68
01.03.2016,2733.17
29.02.2016,2687.98
26.02.2016,2767.21
25.02.2016,2741.25
24.02.2016,2928.9
23.02.2016,2903.33
22.02.2016,2927.18
19.02.2016,2860.02
18.02.2016,2862.89
17.02.2016,2867.34
16.02.2016,2836.57
15.02.2016,2746.2
05.02.2016,2763.49
04.02.2016,2781.02
03.02.2016,2739.25
02.02.2016,2749.57
01.02.2016,2688.85
29.01.2016,2737.6
28.01.2016,2655.66
27.01.2016,2735.56
26.01.2016,2749.79
25.01.2016,2938.51
22.01.2016,2916.56
21.01.2016,2880.48
20.01.2016,2976.69
19.01.2016,3007.74
18.01.2016,2913.84
15.01.2016,2900.97
14.01.2016,3007.65
13.01.2016,2949.6
12.01.2016,3022.86
11.01.2016,3016.7
08.01.2016,3186.41
07.01.2016,3125
06.01.2016,3361.84
05.01.2016,3287.71
04.01.2016,3296.26
31.12.2015,3539.18
30.12.2015,3572.88
29.12.2015,3563.74
28.12.2015,3533.78
25.12.2015,3627.91
24.12.2015,3612.49
23.12.2015,3636.09
22.12.2015,3651.77
21.12.2015,3642.47
18.12.2015,3578.96
17.12.2015,3580
16.12.2015,3516.19
15.12.2015,3510.35
14.12.2015,3520.67
11.12.2015,3434.58
10.12.2015,3455.5
09.12.2015,3472.44
08.12.2015,3470.07
07.12.2015,3536.93
04.12.2015,3524.99
03.12.2015,3584.82
02.12.2015,3536.91
01.12.2015,3456.31
30.11.2015,3445.4
27.11.2015,3436.3
26.11.2015,3635.55
25.11.2015,3647.93
24.11.2015,3616.11
23.11.2015,3610.31
20.11.2015,3630.5
19.11.2015,3617.06
18.11.2015,3568.47
17.11.2015,3604.8
16.11.2015,3606.96
13.11.2015,3580.84
12.11.2015,3632.9
11.11.2015,3650.25
10.11.2015,3640.49
09.11.2015,3646.88
06.11.2015,3590.03
05.11.2015,3522.82
04.11.2015,3459.64
03.11.2015,3316.7
02.11.2015,3325.08
30.10.2015,3382.56
29.10.2015,3387.32
28.10.2015,3375.2
27.10.2015,3434.34
26.10.2015,3429.58
23.10.2015,3412.43
22.10.2015,3368.74
21.10.2015,3320.68
20.10.2015,3425.33
19.10.2015,3386.7
16.10.2015,3391.35
15.10.2015,3338.07
14.10.2015,3262.44
13.10.2015,3293.23
12.10.2015,3287.66
09.10.2015,3183.15
08.10.2015,3143.36
30.09.2015,3052.78
29.09.2015,3038.14
28.09.2015,3100.76
25.09.2015,3092.35
24.09.2015,3142.69
23.09.2015,3115.89
22.09.2015,3185.62
21.09.2015,3156.54
18.09.2015,3097.92
17.09.2015,3086.06
16.09.2015,3152.26
15.09.2015,3005.17
14.09.2015,3114.8
11.09.2015,3200.23
10.09.2015,3197.89
09.09.2015,3243.09
08.09.2015,3170.45
07.09.2015,3080.42
02.09.2015,3160.17
01.09.2015,3166.62
31.08.2015,3205.99
28.08.2015,3232.35
27.08.2015,3083.59
26.08.2015,2927.29
25.08.2015,2964.97
24.08.2015,3209.91
21.08.2015,3507.74
20.08.2015,3664.29
19.08.2015,3794.11
18.08.2015,3748.16
17.08.2015,3993.67
14.08.2015,3965.33
13.08.2015,3954.56
12.08.2015,3886.32
11.08.2015,3927.91
10.08.2015,3928.42
07.08.2015,3744.2
06.08.2015,3661.54
05.08.2015,3694.57
04.08.2015,3756.54
03.08.2015,3622.91
31.07.2015,3663.73
30.07.2015,3705.77
29.07.2015,3789.17
28.07.2015,3663
27.07.2015,3725.56
24.07.2015,4070.91
23.07.2015,4123.92
22.07.2015,4026.05
21.07.2015,4017.67
20.07.2015,3992.11
17.07.2015,3957.35
16.07.2015,3823.18
15.07.2015,3805.7
14.07.2015,3924.49
13.07.2015,3970.39
10.07.2015,3877.8
09.07.2015,3709.33
08.07.2015,3507.19
07.07.2015,3727.12
06.07.2015,3775.91
03.07.2015,3686.92
02.07.2015,3912.77
01.07.2015,4053.7
30.06.2015,4277.22
29.06.2015,4053.03
26.06.2015,4192.87
25.06.2015,4527.78
24.06.2015,4690.15
23.06.2015,4576.49
19.06.2015,4478.36
18.06.2015,4785.36
17.06.2015,4967.9
16.06.2015,4887.43
15.06.2015,5062.99
12.06.2015,5166.35
11.06.2015,5121.59
10.06.2015,5106.04
09.06.2015,5113.53
08.06.2015,5131.88
05.06.2015,5023.1
04.06.2015,4947.1
03.06.2015,4909.98
02.06.2015,4910.53
01.06.2015,4828.74
29.05.2015,4611.74
28.05.2015,4620.27
27.05.2015,4941.71
26.05.2015,4910.9
25.05.2015,4813.8
22.05.2015,4657.6
21.05.2015,4529.42
20.05.2015,4446.29
19.05.2015,4417.55
18.05.2015,4283.49
15.05.2015,4308.69
14.05.2015,4378.31
13.05.2015,4375.76
12.05.2015,4401.22
11.05.2015,4333.58
08.05.2015,4205.92
07.05.2015,4112.21
06.05.2015,4229.27
05.05.2015,4298.71
04.05.2015,4480.46
30.04.2015,4441.66
29.04.2015,4476.62
28.04.2015,4476.21
27.04.2015,4527.4
24.04.2015,4393.69
23.04.2015,4414.51
22.04.2015,4398.49
21.04.2015,4293.62
20.04.2015,4217.08
17.04.2015,4287.3
16.04.2015,4194.82
15.04.2015,4084.16
14.04.2015,4135.57
13.04.2015,4121.71
10.04.2015,4034.31
09.04.2015,3957.53
08.04.2015,3994.81
07.04.2015,3961.38
03.04.2015,3863.93
02.04.2015,3825.78
01.04.2015,3810.29
31.03.2015,3747.9
30.03.2015,3786.57
27.03.2015,3691.1
26.03.2015,3682.1
25.03.2015,3660.73
24.03.2015,3691.41
23.03.2015,3687.73
20.03.2015,3617.32
19.03.2015,3582.27
18.03.2015,3577.3
17.03.2015,3502.85
16.03.2015,3449.3
13.03.2015,3372.91
12.03.2015,3349.32
11.03.2015,3290.9
10.03.2015,3286.07
09.03.2015,3302.41
06.03.2015,3241.19
05.03.2015,3248.48
04.03.2015,3279.53
03.03.2015,3263.05
02.03.2015,3336.28
27.02.2015,3310.3
26.02.2015,3298.36
25.02.2015,3228.84
17.02.2015,3246.91
16.02.2015,3222.36
13.02.2015,3203.83
12.02.2015,3173.42
11.02.2015,3157.7
10.02.2015,3141.59
09.02.2015,3095.12
06.02.2015,3075.91
05.02.2015,3136.53
04.02.2015,3174.13
03.02.2015,3204.91
02.02.2015,3128.3
30.01.2015,3210.36
29.01.2015,3262.3
28.01.2015,3305.74
27.01.2015,3352.96
26.01.2015,3383.18
23.01.2015,3351.76
22.01.2015,3343.34
21.01.2015,3323.61
20.01.2015,3173.05
19.01.2015,3116.35
16.01.2015,3376.49
15.01.2015,3336.45
14.01.2015,3222.44
13.01.2015,3235.3
12.01.2015,3229.32
09.01.2015,3285.41
08.01.2015,3293.46
07.01.2015,3373.95
06.01.2015,3351.45
05.01.2015,3350.52
31.12.2014,3234.68
30.12.2014,3165.81
29.12.2014,3168.02
26.12.2014,3157.6
25.12.2014,3072.54
24.12.2014,2972.53
23.12.2014,3032.61
22.12.2014,3127.44
19.12.2014,3108.6
18.12.2014,3057.52
17.12.2014,3061.02
16.12.2014,3021.52
15.12.2014,2953.42
12.12.2014,2938.17
11.12.2014,2925.74
10.12.2014,2940.01
09.12.2014,2856.27
08.12.2014,3020.26
05.12.2014,2937.65
04.12.2014,2899.46
03.12.2014,2779.53
02.12.2014,2763.54
01.12.2014,2680.16
28.11.2014,2682.83
27.11.2014,2630.49
26.11.2014,2604.35
25.11.2014,2567.6
24.11.2014,2532.88
21.11.2014,2486.79
20.11.2014,2452.66
19.11.2014,2450.99
18.11.2014,2456.37
17.11.2014,2474.01
14.11.2014,2478.82
13.11.2014,2485.61
12.11.2014,2494.48
11.11.2014,2469.67
10.11.2014,2473.67
07.11.2014,2418.17
06.11.2014,2425.86
05.11.2014,2419.25
04.11.2014,2430.68
03.11.2014,2430.03
31.10.2014,2420.18
30.10.2014,2391.08
29.10.2014,2373.03
28.10.2014,2337.87
27.10.2014,2290.44
24.10.2014,2302.28
23.10.2014,2302.42
22.10.2014,2326.55
21.10.2014,2339.66
20.10.2014,2356.73
17.10.2014,2341.18
16.10.2014,2356.5
15.10.2014,2373.67
14.10.2014,2359.47
13.10.2014,2366.01
10.10.2014,2374.54
09.10.2014,2389.37
08.10.2014,2382.79
30.09.2014,2363.87
29.09.2014,2357.71
26.09.2014,2347.72
25.09.2014,2345.1
24.09.2014,2343.57
23.09.2014,2309.72
22.09.2014,2289.87
19.09.2014,2329.45
18.09.2014,2315.93
17.09.2014,2307.89
16.09.2014,2296.56
15.09.2014,2339.14
12.09.2014,2331.95
11.09.2014,2311.68
10.09.2014,2318.31
09.09.2014,2326.53
05.09.2014,2326.43
04.09.2014,2306.86
03.09.2014,2288.63
02.09.2014,2266.05
01.09.2014,2235.51
29.08.2014,2217.2
28.08.2014,2195.82
27.08.2014,2209.47
26.08.2014,2207.11
25.08.2014,2229.27
22.08.2014,2240.81
21.08.2014,2230.46
20.08.2014,2240.21
19.08.2014,2245.33
18.08.2014,2239.47
15.08.2014,2226.73
14.08.2014,2206.47
13.08.2014,2222.88
12.08.2014,2221.59
11.08.2014,2224.65
08.08.2014,2194.42
07.08.2014,2187.67
06.08.2014,2217.46
05.08.2014,2219.95
04.08.2014,2223.33
01.08.2014,2185.3
31.07.2014,2201.56
30.07.2014,2181.24
29.07.2014,2183.19
28.07.2014,2177.95
25.07.2014,2126.61
24.07.2014,2105.06
23.07.2014,2078.49
22.07.2014,2075.48
21.07.2014,2054.48
18.07.2014,2059.07
17.07.2014,2055.59
16.07.2014,2067.28
15.07.2014,2070.36
14.07.2014,2066.65
11.07.2014,2046.96
10.07.2014,2038.34
09.07.2014,2038.61
08.07.2014,2064.02
07.07.2014,2059.93
04.07.2014,2059.37
03.07.2014,2063.23
02.07.2014,2059.42
01.07.2014,2050.38
30.06.2014,2048.33
27.06.2014,2036.51
26.06.2014,2038.68
25.06.2014,2025.5
24.06.2014,2033.93
23.06.2014,2024.37
20.06.2014,2026.67
19.06.2014,2023.73
18.06.2014,2055.52
17.06.2014,2066.7
16.06.2014,2085.98
13.06.2014,2070.71
12.06.2014,2051.71
11.06.2014,2054.95
10.06.2014,2052.53
09.06.2014,2030.5
06.06.2014,2029.96
05.06.2014,2040.88
04.06.2014,2024.83
03.06.2014,2038.31
30.05.2014,2039.21
29.05.2014,2040.6
28.05.2014,2050.23
27.05.2014,2034.57
26.05.2014,2041.48
23.05.2014,2034.57
22.05.2014,2021.29
21.05.2014,2024.95
20.05.2014,2008.12
19.05.2014,2005.18
16.05.2014,2026.5
15.05.2014,2024.97
14.05.2014,2047.91
13.05.2014,2050.73
12.05.2014,2052.87
09.05.2014,2011.13
08.05.2014,2015.27
07.05.2014,2010.08
06.05.2014,2028.04
05.05.2014,2027.35
30.04.2014,2026.36
29.04.2014,2020.34
28.04.2014,2003.49
25.04.2014,2036.52
24.04.2014,2057.03
23.04.2014,2067.38
22.04.2014,2072.83
21.04.2014,2065.83
18.04.2014,2097.75
17.04.2014,2098.88
16.04.2014,2105.12
15.04.2014,2101.6
14.04.2014,2131.54
11.04.2014,2130.54
10.04.2014,2134.3
09.04.2014,2105.24
08.04.2014,2098.28
04.04.2014,2058.83
03.04.2014,2043.7
02.04.2014,2058.99
01.04.2014,2047.46
31.03.2014,2033.31
28.03.2014,2041.71
27.03.2014,2046.59
26.03.2014,2063.67
25.03.2014,2067.31
24.03.2014,2066.28
21.03.2014,2047.62
20.03.2014,1993.48
19.03.2014,2021.73
18.03.2014,2025.2
17.03.2014,2023.67
14.03.2014,2004.34
13.03.2014,2019.11
12.03.2014,1997.69
11.03.2014,2001.16
10.03.2014,1999.06
07.03.2014,2057.91
06.03.2014,2059.58
05.03.2014,2053.08
04.03.2014,2071.47
03.03.2014,2075.23
28.02.2014,2056.3
27.02.2014,2047.35
26.02.2014,2041.25
25.02.2014,2034.22
24.02.2014,2076.69
21.02.2014,2113.69
20.02.2014,2138.78
19.02.2014,2142.55
18.02.2014,2119.07
17.02.2014,2135.41
14.02.2014,2115.85
13.02.2014,2098.4
12.02.2014,2109.96
11.02.2014,2103.67
10.02.2014,2086.07
07.02.2014,2044.5
30.01.2014,2033.08
29.01.2014,2049.91
28.01.2014,2038.51
27.01.2014,2033.3
24.01.2014,2054.39
23.01.2014,2042.18
22.01.2014,2051.75
21.01.2014,2008.31
20.01.2014,1991.25
17.01.2014,2004.95
16.01.2014,2023.7
15.01.2014,2023.35
14.01.2014,2026.84
13.01.2014,2009.56
10.01.2014,2013.3
09.01.2014,2027.62
08.01.2014,2044.34
07.01.2014,2047.32
06.01.2014,2045.71
03.01.2014,2083.14
02.01.2014,2109.39
31.12.2013,2115.98
30.12.2013,2097.53
27.12.2013,2101.25
26.12.2013,2073.1
25.12.2013,2106.35
24.12.2013,2092.91
23.12.2013,2089.71
20.12.2013,2084.79
19.12.2013,2127.79
18.12.2013,2148.29
17.12.2013,2151.08
16.12.2013,2160.86
13.12.2013,2196.07
12.12.2013,2202.8
11.12.2013,2204.17
10.12.2013,2237.49
09.12.2013,2238.2
06.12.2013,2237.11
05.12.2013,2247.06
04.12.2013,2251.76
03.12.2013,2222.67
02.12.2013,2207.37
29.11.2013,2220.5
28.11.2013,2219.37
27.11.2013,2201.07
26.11.2013,2183.07
25.11.2013,2186.12
22.11.2013,2196.38
21.11.2013,2205.77
20.11.2013,2206.61
19.11.2013,2193.12
18.11.2013,2197.22
15.11.2013,2135.83
14.11.2013,2100.51
13.11.2013,2087.94
12.11.2013,2126.77
11.11.2013,2109.47
08.11.2013,2106.13
07.11.2013,2129.4
06.11.2013,2139.61
05.11.2013,2157.24
04.11.2013,2149.63
01.11.2013,2149.56
31.10.2013,2141.61
30.10.2013,2160.46
29.10.2013,2128.86
28.10.2013,2133.87
25.10.2013,2132.96
24.10.2013,2164.32
23.10.2013,2183.11
22.10.2013,2210.65
21.10.2013,2229.24
18.10.2013,2193.78
17.10.2013,2188.54
16.10.2013,2193.07
15.10.2013,2233.41
14.10.2013,2237.77
11.10.2013,2228.15
10.10.2013,2190.93
09.10.2013,2211.77
08.10.2013,2198.2
30.09.2013,2174.66
27.09.2013,2160.03
26.09.2013,2155.81
25.09.2013,2198.52
24.09.2013,2207.53
23.09.2013,2221.04
18.09.2013,2191.85
17.09.2013,2185.56
16.09.2013,2231.4
13.09.2013,2236.22
12.09.2013,2255.6
11.09.2013,2241.27
10.09.2013,2237.98
09.09.2013,2212.52
06.09.2013,2139.99
05.09.2013,2122.43
04.09.2013,2127.62
03.09.2013,2123.11
02.09.2013,2098.45
30.08.2013,2098.38
29.08.2013,2097.23
28.08.2013,2101.3
27.08.2013,2103.57
26.08.2013,2096.47
23.08.2013,2057.46
22.08.2013,2067.12
21.08.2013,2072.96
20.08.2013,2072.59
19.08.2013,2085.6
16.08.2013,2068.45
15.08.2013,2081.88
14.08.2013,2100.14
13.08.2013,2106.16
12.08.2013,2101.28
09.08.2013,2052.23
08.08.2013,2044.9
07.08.2013,2046.78
06.08.2013,2060.5
05.08.2013,2050.48
02.08.2013,2029.42
01.08.2013,2029.07
31.07.2013,1993.8
30.07.2013,1990.06
29.07.2013,1976.31
26.07.2013,2010.85
25.07.2013,2021.17
24.07.2013,2033.33
23.07.2013,2043.88
22.07.2013,2004.76
19.07.2013,1992.65
18.07.2013,2023.4
17.07.2013,2044.92
16.07.2013,2065.72
15.07.2013,2059.39
12.07.2013,2039.49
11.07.2013,2072.99
10.07.2013,2008.13
09.07.2013,1965.45
08.07.2013,1958.27
05.07.2013,2007.2
04.07.2013,2006.1
03.07.2013,1994.27
02.07.2013,2006.56
01.07.2013,1995.24
28.06.2013,1979.21
27.06.2013,1950.01
26.06.2013,1951.5
25.06.2013,1959.51
24.06.2013,1963.24
21.06.2013,2073.1
20.06.2013,2084.02
19.06.2013,2143.45
18.06.2013,2159.29
17.06.2013,2156.21
14.06.2013,2162.04
13.06.2013,2148.36
07.06.2013,2210.9
06.06.2013,2242.11
05.06.2013,2270.93
04.06.2013,2272.42
03.06.2013,2299.25
31.05.2013,2300.59
30.05.2013,2317.75
29.05.2013,2324.02
28.05.2013,2321.32
27.05.2013,2293.08
24.05.2013,2288.53
23.05.2013,2275.67
22.05.2013,2302.4
21.05.2013,2305.11
20.05.2013,2299.99
17.05.2013,2282.87
16.05.2013,2251.81
15.05.2013,2224.8
14.05.2013,2217.01
13.05.2013,2241.92
10.05.2013,2246.83
09.05.2013,2232.97
08.05.2013,2246.3
07.05.2013,2235.57
06.05.2013,2231.17
03.05.2013,2205.5
02.05.2013,2174.12
26.04.2013,2177.91
25.04.2013,2199.31
24.04.2013,2218.32
23.04.2013,2184.54
22.04.2013,2242.17
19.04.2013,2244.64
18.04.2013,2197.6
17.04.2013,2193.8
16.04.2013,2194.85
15.04.2013,2181.94
12.04.2013,2206.78
11.04.2013,2219.55
10.04.2013,2226.13
09.04.2013,2225.77
08.04.2013,2211.59
03.04.2013,2225.3
02.04.2013,2227.74
01.04.2013,2234.4
29.03.2013,2236.62
28.03.2013,2236.3
27.03.2013,2301.26
26.03.2013,2297.67
25.03.2013,2326.71
22.03.2013,2328.28
21.03.2013,2324.24
20.03.2013,2317.37
19.03.2013,2257.43
18.03.2013,2240.02
15.03.2013,2278.4
14.03.2013,2270.28
13.03.2013,2263.97
12.03.2013,2286.6
11.03.2013,2310.59
08.03.2013,2318.61
07.03.2013,2324.29
06.03.2013,2347.18
05.03.2013,2326.31
04.03.2013,2273.4
01.03.2013,2359.51
28.02.2013,2365.59
27.02.2013,2313.22
26.02.2013,2293.34
25.02.2013,2325.82
22.02.2013,2314.16
21.02.2013,2325.95
20.02.2013,2397.18
19.02.2013,2382.91
18.02.2013,2421.56
17.02.2013,2432.4
08.02.2013,2432.4
07.02.2013,2418.53
06.02.2013,2434.48
05.02.2013,2433.13
04.02.2013,2428.15
01.02.2013,2419.02
31.01.2013,2385.42
30.01.2013,2382.47
29.01.2013,2358.98
28.01.2013,2346.51
25.01.2013,2291.3
24.01.2013,2302.6
23.01.2013,2320.91
22.01.2013,2315.14
21.01.2013,2328.22
18.01.2013,2317.07
17.01.2013,2284.91
16.01.2013,2309.5
15.01.2013,2325.68
14.01.2013,2311.74
11.01.2013,2243
10.01.2013,2283.66
09.01.2013,2275.34
08.01.2013,2276.07
07.01.2013,2285.36
04.01.2013,2276.99
31.12.2012,2269.13
28.12.2012,2233.25
27.12.2012,2205.9
26.12.2012,2219.13
25.12.2012,2213.61
24.12.2012,2159.05
21.12.2012,2153.31
20.12.2012,2168.35
19.12.2012,2162.24
18.12.2012,2162.46
17.12.2012,2160.34
14.12.2012,2150.63
13.12.2012,2061.48
12.12.2012,2082.73
11.12.2012,2074.7
10.12.2012,2083.77
07.12.2012,2061.79
06.12.2012,2029.24
05.12.2012,2031.91
04.12.2012,1975.14
03.12.2012,1959.77
30.11.2012,1980.12
29.11.2012,1963.49
28.11.2012,1973.52
27.11.2012,1991.17
26.11.2012,2017.46
23.11.2012,2027.38
22.11.2012,2015.61
21.11.2012,2030.32
20.11.2012,2008.92
19.11.2012,2016.98
16.11.2012,2014.72
15.11.2012,2030.29
14.11.2012,2055.42
13.11.2012,2047.89
12.11.2012,2079.27
09.11.2012,2069.07
08.11.2012,2071.51
07.11.2012,2105.73
06.11.2012,2106
05.11.2012,2114.03
02.11.2012,2117.05
01.11.2012,2104.43
31.10.2012,2068.88
30.10.2012,2062.35
29.10.2012,2058.94
26.10.2012,2066.21
25.10.2012,2101.58
24.10.2012,2115.99
23.10.2012,2114.45
22.10.2012,2132.76
19.10.2012,2128.3
18.10.2012,2131.69
17.10.2012,2105.62
16.10.2012,2098.81
15.10.2012,2098.7
12.10.2012,2104.93
11.10.2012,2102.87
10.10.2012,2119.94
09.10.2012,2115.23
08.10.2012,2074.42
28.09.2012,2086.17
27.09.2012,2056.32
26.09.2012,2004.17
25.09.2012,2029.29
24.09.2012,2033.19
21.09.2012,2026.69
20.09.2012,2024.84
19.09.2012,2067.83
18.09.2012,2059.54
17.09.2012,2078.5
14.09.2012,2123.85
13.09.2012,2110.38
12.09.2012,2126.55
11.09.2012,2120.55
10.09.2012,2134.89
07.09.2012,2127.76
06.09.2012,2051.92
05.09.2012,2037.68
04.09.2012,2043.65
03.09.2012,2059.15
31.08.2012,2047.52
30.08.2012,2052.58
29.08.2012,2053.23
28.08.2012,2073.15
27.08.2012,2055.71
24.08.2012,2092.1
23.08.2012,2113.07
22.08.2012,2107.71
21.08.2012,2118.27
20.08.2012,2106.96
17.08.2012,2114.89
16.08.2012,2112.2
15.08.2012,2118.94
14.08.2012,2142.52
13.08.2012,2136.08
10.08.2012,2168.81
09.08.2012,2174.1
08.08.2012,2160.99
07.08.2012,2157.62
06.08.2012,2154.92
03.08.2012,2132.8
02.08.2012,2111.18
01.08.2012,2123.36
31.07.2012,2103.63
30.07.2012,2109.91
27.07.2012,2128.76
26.07.2012,2126
25.07.2012,2136.15
24.07.2012,2146.59
23.07.2012,2141.4
20.07.2012,2168.64
19.07.2012,2184.84
18.07.2012,2169.1
17.07.2012,2161.19
16.07.2012,2147.96
13.07.2012,2185.89
12.07.2012,2185.49
11.07.2012,2175.38
10.07.2012,2164.44
09.07.2012,2170.81
06.07.2012,2223.58
05.07.2012,2201.35
04.07.2012,2227.31
03.07.2012,2229.19
02.07.2012,2226.11
29.06.2012,2225.43
28.06.2012,2195.84
27.06.2012,2216.93
26.06.2012,2222.07
25.06.2012,2224.11
21.06.2012,2260.88
20.06.2012,2292.88
19.06.2012,2300.8
18.06.2012,2316.05
15.06.2012,2306.85
14.06.2012,2295.95
13.06.2012,2318.92
12.06.2012,2289.79
11.06.2012,2305.86
08.06.2012,2281.45
07.06.2012,2293.13
06.06.2012,2309.55
05.06.2012,2311.92
04.06.2012,2308.55
01.06.2012,2373.44
31.05.2012,2372.23
30.05.2012,2384.67
29.05.2012,2389.64
28.05.2012,2361.37
25.05.2012,2333.55
24.05.2012,2350.97
23.05.2012,2363.44
22.05.2012,2373.31
21.05.2012,2348.3
18.05.2012,2344.52
17.05.2012,2378.89
16.05.2012,2346.19
15.05.2012,2374.84
14.05.2012,2380.73
11.05.2012,2394.98
10.05.2012,2410.23
09.05.2012,2408.59
08.05.2012,2448.88
07.05.2012,2451.95
04.05.2012,2452.01
03.05.2012,2440.08
02.05.2012,2438.44
27.04.2012,2396.32
26.04.2012,2404.7
25.04.2012,2406.81
24.04.2012,2388.83
23.04.2012,2388.59
20.04.2012,2406.86
19.04.2012,2378.63
18.04.2012,2380.85
17.04.2012,2334.98
16.04.2012,2357.03
13.04.2012,2359.16
12.04.2012,2350.86
11.04.2012,2308.92
10.04.2012,2305.86
09.04.2012,2285.78
06.04.2012,2306.55
05.04.2012,2302.24
30.03.2012,2262.79
29.03.2012,2252.16
28.03.2012,2284.88
27.03.2012,2347.18
26.03.2012,2350.6
23.03.2012,2349.54
22.03.2012,2375.77
21.03.2012,2378.2
20.03.2012,2376.84
19.03.2012,2410.18
16.03.2012,2404.74
15.03.2012,2373.77
14.03.2012,2391.23
13.03.2012,2455.79
12.03.2012,2434.86
09.03.2012,2439.46
08.03.2012,2420.28
07.03.2012,2394.79
06.03.2012,2410.45
05.03.2012,2445
02.03.2012,2460.69
01.03.2012,2426.11
29.02.2012,2428.49
28.02.2012,2451.86
27.02.2012,2447.06
24.02.2012,2439.63
23.02.2012,2409.55
22.02.2012,2403.59
21.02.2012,2381.43
20.02.2012,2363.6
17.02.2012,2357.18
16.02.2012,2356.86
15.02.2012,2366.7
14.02.2012,2344.77
13.02.2012,2351.85
10.02.2012,2351.98
09.02.2012,2349.59
08.02.2012,2347.53
07.02.2012,2291.9
06.02.2012,2331.14
03.02.2012,2330.4
02.02.2012,2312.56
01.02.2012,2268.08
31.01.2012,2292.61
30.01.2012,2285.04
20.01.2012,2319.12
19.01.2012,2296.08
18.01.2012,2266.38
17.01.2012,2298.38
16.01.2012,2206.19
13.01.2012,2244.58
12.01.2012,2275.01
11.01.2012,2276.05
10.01.2012,2285.74
09.01.2012,2225.89
06.01.2012,2163.39
05.01.2012,2148.45
04.01.2012,2169.39
30.12.2011,2199.42
29.12.2011,2173.56
28.12.2011,2170.01
27.12.2011,2166.21
26.12.2011,2190.11
23.12.2011,2204.78
22.12.2011,2186.3
21.12.2011,2191.15
20.12.2011,2215.93
19.12.2011,2218.24
16.12.2011,2224.84
15.12.2011,2180.9
14.12.2011,2228.53
13.12.2011,2248.59
12.12.2011,2291.54
09.12.2011,2315.27
08.12.2011,2329.82
07.12.2011,2332.73
06.12.2011,2325.9
05.12.2011,2333.23
02.12.2011,2360.66
01.12.2011,2386.86
30.11.2011,2333.41
29.11.2011,2412.39
28.11.2011,2383.03
25.11.2011,2380.22
24.11.2011,2397.55
23.11.2011,2395.06
22.11.2011,2412.63
21.11.2011,2415.13
18.11.2011,2416.56
17.11.2011,2463.05
16.11.2011,2466.96
15.11.2011,2529.76
14.11.2011,2528.71
11.11.2011,2481.08
10.11.2011,2479.54
09.11.2011,2524.92
08.11.2011,2503.84
07.11.2011,2509.8
04.11.2011,2528.29
03.11.2011,2508.09
02.11.2011,2504.11
01.11.2011,2470.02
31.10.2011,2468.25
28.10.2011,2473.41
27.10.2011,2435.61
26.10.2011,2427.48
25.10.2011,2409.67
24.10.2011,2370.33
21.10.2011,2317.28
20.10.2011,2331.37
19.10.2011,2377.51
18.10.2011,2383.49
17.10.2011,2440.4
14.10.2011,2431.37
13.10.2011,2438.79
12.10.2011,2420
11.10.2011,2348.52
10.10.2011,2344.79
30.09.2011,2359.22
29.09.2011,2365.34
28.09.2011,2392.06
27.09.2011,2415.05
26.09.2011,2393.18
23.09.2011,2433.16
22.09.2011,2443.06
21.09.2011,2512.96
20.09.2011,2447.76
19.09.2011,2437.79
16.09.2011,2482.34
15.09.2011,2479.05
14.09.2011,2484.83
13.09.2011,2471.3
09.09.2011,2497.75
08.09.2011,2498.94
07.09.2011,2516.09
06.09.2011,2470.52
05.09.2011,2478.74
02.09.2011,2528.28
01.09.2011,2556.04
31.08.2011,2567.34
30.08.2011,2566.59
29.08.2011,2576.41
26.08.2011,2612.19
25.08.2011,2615.26
24.08.2011,2541.09
23.08.2011,2554.02
22.08.2011,2515.86
19.08.2011,2534.36
18.08.2011,2559.47
17.08.2011,2601.26
16.08.2011,2608.17
15.08.2011,2626.77
12.08.2011,2593.17
11.08.2011,2581.51
10.08.2011,2549.18
09.08.2011,2526.07
08.08.2011,2526.82
05.08.2011,2626.42
04.08.2011,2684.04
03.08.2011,2678.48
02.08.2011,2679.26
01.08.2011,2703.78
29.07.2011,2701.73
28.07.2011,2708.78
27.07.2011,2723.49
26.07.2011,2703.03
25.07.2011,2688.75
22.07.2011,2770.79
21.07.2011,2765.89
20.07.2011,2794.2
19.07.2011,2796.98
18.07.2011,2816.69
15.07.2011,2820.17
14.07.2011,2810.44
13.07.2011,2795.48
12.07.2011,2754.58
11.07.2011,2802.69
08.07.2011,2797.77
07.07.2011,2794.27
06.07.2011,2810.48
05.07.2011,2816.35
04.07.2011,2812.82
01.07.2011,2759.36
30.06.2011,2762.08
29.06.2011,2728.48
28.06.2011,2759.2
27.06.2011,2758.23
24.06.2011,2746.21
23.06.2011,2688.25
22.06.2011,2649.32
21.06.2011,2646.48
20.06.2011,2621.25
17.06.2011,2642.82
16.06.2011,2664.28
15.06.2011,2705.43
14.06.2011,2730.04
13.06.2011,2700.38
10.06.2011,2705.14
09.06.2011,2703.35
08.06.2011,2750.29
07.06.2011,2744.3
03.06.2011,2728.02
02.06.2011,2705.18
01.06.2011,2743.57
31.05.2011,2743.47
30.05.2011,2706.36
27.05.2011,2709.95
26.05.2011,2736.53
25.05.2011,2741.74
24.05.2011,2767.06
23.05.2011,2774.57
20.05.2011,2858.46
19.05.2011,2859.57
18.05.2011,2872.77
17.05.2011,2852.77
16.05.2011,2849.07
13.05.2011,2871.03
12.05.2011,2844.08
11.05.2011,2883.42
10.05.2011,2890.63
09.05.2011,2872.46
06.05.2011,2863.89
05.05.2011,2872.4
04.05.2011,2866.02
03.05.2011,2932.19
29.04.2011,2911.51
28.04.2011,2887.04
27.04.2011,2925.41
26.04.2011,2938.98
25.04.2011,2964.95
22.04.2011,3010.52
21.04.2011,3026.67
20.04.2011,3007.04
19.04.2011,2999.04
18.04.2011,3057.33
15.04.2011,3050.53
14.04.2011,3042.64
13.04.2011,3050.4
12.04.2011,3021.37
11.04.2011,3022.75
08.04.2011,3030.02
07.04.2011,3007.91
06.04.2011,3001.36
01.04.2011,2967.41
31.03.2011,2928.11
30.03.2011,2955.77
29.03.2011,2958.08
28.03.2011,2984.01
25.03.2011,2977.81
24.03.2011,2946.71
23.03.2011,2948.48
22.03.2011,2919.14
21.03.2011,2909.14
18.03.2011,2906.89
17.03.2011,2897.3
16.03.2011,2930.8
15.03.2011,2896.26
14.03.2011,2937.63
11.03.2011,2933.8
10.03.2011,2957.14
09.03.2011,3002.15
08.03.2011,2999.94
07.03.2011,2996.21
04.03.2011,2942.31
03.03.2011,2902.98
02.03.2011,2913.81
01.03.2011,2918.92
28.02.2011,2905.05
25.02.2011,2878.57
24.02.2011,2878.6
23.02.2011,2862.63
22.02.2011,2855.52
21.02.2011,2932.25
18.02.2011,2899.79
17.02.2011,2926.96
16.02.2011,2923.9
15.02.2011,2899.24
14.02.2011,2899.13
11.02.2011,2827.33
10.02.2011,2818.16
09.02.2011,2774.07
01.02.2011,2798.96
31.01.2011,2790.69
28.01.2011,2752.75
27.01.2011,2749.15
26.01.2011,2708.81
25.01.2011,2677.43
24.01.2011,2695.72
21.01.2011,2715.29
20.01.2011,2677.65
19.01.2011,2758.1
18.01.2011,2708.98
17.01.2011,2706.66
14.01.2011,2791.34
13.01.2011,2827.71
12.01.2011,2821.31
11.01.2011,2804.05
10.01.2011,2791.81
07.01.2011,2838.8
06.01.2011,2824.2
05.01.2011,2838.59
04.01.2011,2852.65
31.12.2010,2808.08
30.12.2010,2759.58
29.12.2010,2751.53
28.12.2010,2732.99
27.12.2010,2781.4
24.12.2010,2835.16
23.12.2010,2855.22
22.12.2010,2877.9
21.12.2010,2904.11
20.12.2010,2852.92
17.12.2010,2893.74
16.12.2010,2898.14
15.12.2010,2911.41
14.12.2010,2927.08
13.12.2010,2922.95
10.12.2010,2841.04
09.12.2010,2810.95
08.12.2010,2848.55
07.12.2010,2875.86
06.12.2010,2857.18
03.12.2010,2842.43
02.12.2010,2843.61
01.12.2010,2823.45
30.11.2010,2820.18
29.11.2010,2866.36
26.11.2010,2871.7
25.11.2010,2898.26
24.11.2010,2859.94
23.11.2010,2828.28
22.11.2010,2884.37
19.11.2010,2888.57
18.11.2010,2865.45
17.11.2010,2838.86
16.11.2010,2894.54
15.11.2010,3014.41
12.11.2010,2985.43
11.11.2010,3147.74
10.11.2010,3115.36
09.11.2010,3135
08.11.2010,3159.51
05.11.2010,3129.5
04.11.2010,3086.94
03.11.2010,3030.99
02.11.2010,3045.43
01.11.2010,3054.02
29.10.2010,2978.83
28.10.2010,2992.58
27.10.2010,2997.05
26.10.2010,3041.54
25.10.2010,3051.42
22.10.2010,2975.04
21.10.2010,2983.53
20.10.2010,3003.95
19.10.2010,3001.85
18.10.2010,2955.23
15.10.2010,2971.16
14.10.2010,2879.64
13.10.2010,2861.36
12.10.2010,2841.41
11.10.2010,2806.94
08.10.2010,2738.74
30.09.2010,2655.66
29.09.2010,2610.68
28.09.2010,2611.35
27.09.2010,2627.97
21.09.2010,2591.55
20.09.2010,2588.71
17.09.2010,2598.69
16.09.2010,2602.47
15.09.2010,2652.5
14.09.2010,2688.52
13.09.2010,2688.32
10.09.2010,2663.21
09.09.2010,2656.35
08.09.2010,2695.29
07.09.2010,2698.36
06.09.2010,2696.25
03.09.2010,2655.39
02.09.2010,2655.78
01.09.2010,2622.88
31.08.2010,2638.8
30.08.2010,2652.66
27.08.2010,2610.74
26.08.2010,2603.48
25.08.2010,2596.58
24.08.2010,2650.31
23.08.2010,2639.37
20.08.2010,2642.31
19.08.2010,2687.98
18.08.2010,2666.3
17.08.2010,2671.89
16.08.2010,2661.71
13.08.2010,2606.7
12.08.2010,2575.47
11.08.2010,2607.5
10.08.2010,2595.27
09.08.2010,2672.53
06.08.2010,2658.39
05.08.2010,2620.76
04.08.2010,2638.52
03.08.2010,2627
02.08.2010,2672.52
30.07.2010,2637.5
29.07.2010,2648.12
28.07.2010,2633.66
27.07.2010,2575.37
26.07.2010,2588.68
23.07.2010,2572.03
22.07.2010,2562.41
21.07.2010,2535.39
20.07.2010,2528.73
19.07.2010,2475.42
16.07.2010,2424.27
15.07.2010,2424.3
14.07.2010,2470.44
13.07.2010,2450.29
12.07.2010,2490.72
09.07.2010,2470.92
08.07.2010,2415.15
07.07.2010,2421.12
06.07.2010,2409.42
05.07.2010,2363.95
02.07.2010,2382.9
01.07.2010,2373.79
30.06.2010,2398.37
29.06.2010,2427.05
28.06.2010,2535.28
25.06.2010,2552.82
24.06.2010,2566.74
23.06.2010,2569.87
22.06.2010,2588.7
21.06.2010,2586.21
18.06.2010,2513.22
17.06.2010,2560.24
11.06.2010,2569.94
10.06.2010,2562.58
09.06.2010,2583.87
08.06.2010,2513.95
07.06.2010,2511.73
04.06.2010,2553.59
03.06.2010,2552.66
02.06.2010,2571.42
01.06.2010,2568.28
31.05.2010,2592.15
28.05.2010,2655.77
27.05.2010,2655.92
26.05.2010,2625.79
25.05.2010,2622.63
24.05.2010,2673.42
21.05.2010,2583.52
20.05.2010,2555.94
19.05.2010,2587.81
18.05.2010,2594.78
17.05.2010,2559.93
14.05.2010,2696.63
13.05.2010,2710.51
12.05.2010,2655.71
11.05.2010,2647.57
10.05.2010,2698.76
07.05.2010,2688.38
06.05.2010,2739.7
05.05.2010,2857.15
04.05.2010,2835.28
30.04.2010,2870.61
29.04.2010,2868.43
28.04.2010,2900.33
27.04.2010,2907.93
26.04.2010,2969.5
23.04.2010,2983.54
22.04.2010,2999.48
21.04.2010,3033.28
20.04.2010,2979.53
19.04.2010,2980.3
16.04.2010,3130.3
15.04.2010,3164.97
14.04.2010,3166.18
13.04.2010,3161.25
12.04.2010,3129.26
09.04.2010,3145.35
08.04.2010,3118.71
07.04.2010,3148.22
06.04.2010,3158.68
02.04.2010,3157.96
01.04.2010,3147.42
31.03.2010,3109.11
30.03.2010,3128.47
29.03.2010,3123.8
26.03.2010,3059.72
25.03.2010,3019.18
24.03.2010,3056.81
23.03.2010,3053.12
22.03.2010,3074.58
19.03.2010,3067.75
18.03.2010,3046.09
17.03.2010,3050.48
16.03.2010,2992.84
15.03.2010,2976.94
12.03.2010,3013.41
11.03.2010,3051.28
10.03.2010,3048.93
09.03.2010,3069.14
08.03.2010,3053.23
05.03.2010,3031.07
04.03.2010,3023.37
03.03.2010,3097.01
02.03.2010,3073.11
01.03.2010,3087.84
26.02.2010,3051.94
25.02.2010,3060.62
24.02.2010,3022.18
23.02.2010,2982.57
22.02.2010,3003.4
12.02.2010,3018.13
11.02.2010,2985.5
10.02.2010,2982.5
09.02.2010,2948.84
08.02.2010,2935.17
05.02.2010,2939.4
04.02.2010,2995.31
03.02.2010,3003.84
02.02.2010,2934.71
01.02.2010,2941.36
29.01.2010,2989.29
28.01.2010,2994.14
27.01.2010,2986.61
26.01.2010,3019.39
25.01.2010,3094.41
22.01.2010,3128.59
21.01.2010,3158.86
20.01.2010,3151.85
19.01.2010,3246.87
18.01.2010,3237.1
15.01.2010,3224.15
14.01.2010,3215.55
13.01.2010,3172.66
12.01.2010,3273.97
11.01.2010,3212.75
08.01.2010,3196
07.01.2010,3192.78
06.01.2010,3254.22
05.01.2010,3282.18
04.01.2010,3243.76
31.12.2009,3277.14
30.12.2009,3262.6
29.12.2009,3211.76
28.12.2009,3188.78
25.12.2009,3141.35
24.12.2009,3153.41
23.12.2009,3073.78
22.12.2009,3050.52
21.12.2009,3122.97
18.12.2009,3113.89
17.12.2009,3179.08
16.12.2009,3255.21
15.12.2009,3274.46
14.12.2009,3302.9
11.12.2009,3247.32
10.12.2009,3254.26
09.12.2009,3239.57
08.12.2009,3296.66
07.12.2009,3331.9
04.12.2009,3317.04
03.12.2009,3264.63
02.12.2009,3269.75
01.12.2009,3235.36
30.11.2009,3195.3
27.11.2009,3096.26
26.11.2009,3170.98
25.11.2009,3290.16
24.11.2009,3223.53
23.11.2009,3338.66
20.11.2009,3308.35
19.11.2009,3320.61
18.11.2009,3303.23
17.11.2009,3282.89
16.11.2009,3275.05
13.11.2009,3187.65
12.11.2009,3172.95
11.11.2009,3175.19
10.11.2009,3178.61
09.11.2009,3175.59
06.11.2009,3164.04
05.11.2009,3155.05
04.11.2009,3128.54
03.11.2009,3114.23
02.11.2009,3076.65
30.10.2009,2995.85
29.10.2009,2960.47
28.10.2009,3031.33
27.10.2009,3021.46
26.10.2009,3109.57
23.10.2009,3107.85
22.10.2009,3051.41
21.10.2009,3070.59
20.10.2009,3084.45
19.10.2009,3038.27
16.10.2009,2976.63
15.10.2009,2979.79
14.10.2009,2970.53
13.10.2009,2936.19
12.10.2009,2894.48
09.10.2009,2911.72
30.09.2009,2779.43
29.09.2009,2754.54
28.09.2009,2763.53
25.09.2009,2838.84
24.09.2009,2853.55
23.09.2009,2842.72
22.09.2009,2897.55
21.09.2009,2967.01
18.09.2009,2962.67
17.09.2009,3060.26
16.09.2009,2999.71
15.09.2009,3033.73
14.09.2009,3026.74
11.09.2009,2989.79
10.09.2009,2924.88
09.09.2009,2946.26
08.09.2009,2930.47
07.09.2009,2881.12
04.09.2009,2861.61
03.09.2009,2845.02
02.09.2009,2714.97
01.09.2009,2683.72
31.08.2009,2667.74
28.08.2009,2860.69
27.08.2009,2946.39
26.08.2009,2967.59
25.08.2009,2915.8
24.08.2009,2993.43
21.08.2009,2960.77
20.08.2009,2911.58
19.08.2009,2785.58
18.08.2009,2910.88
17.08.2009,2870.63
14.08.2009,3046.97
13.08.2009,3140.56
12.08.2009,3112.72
11.08.2009,3264.73
10.08.2009,3249.76
07.08.2009,3260.69
06.08.2009,3356.33
05.08.2009,3428.5
04.08.2009,3471.44
03.08.2009,3462.59
31.07.2009,3412.06
30.07.2009,3321.56
29.07.2009,3266.43
28.07.2009,3438.37
27.07.2009,3435.21
24.07.2009,3372.6
23.07.2009,3328.49
22.07.2009,3296.61
21.07.2009,3213.21
20.07.2009,3266.92
17.07.2009,3189.74
16.07.2009,3183.74
15.07.2009,3188.55
14.07.2009,3145.16
13.07.2009,3080.56
10.07.2009,3113.93
09.07.2009,3123.03
08.07.2009,3080.77
07.07.2009,3089.45
06.07.2009,3124.67
03.07.2009,3088.37
02.07.2009,3060.25
01.07.2009,3008.15
30.06.2009,2959.36
29.06.2009,2975.31
26.06.2009,2928.21
25.06.2009,2925.05
24.06.2009,2922.3
23.06.2009,2892.7
22.06.2009,2896.3
19.06.2009,2880.49
18.06.2009,2853.9
17.06.2009,2810.12
16.06.2009,2776.02
15.06.2009,2789.55
12.06.2009,2743.76
11.06.2009,2797.32
10.06.2009,2816.25
09.06.2009,2787.89
08.06.2009,2768.34
05.06.2009,2753.89
04.06.2009,2767.24
03.06.2009,2778.59
02.06.2009,2724.3
01.06.2009,2721.28
27.05.2009,2632.93
26.05.2009,2588.57
25.05.2009,2610.01
22.05.2009,2597.6
21.05.2009,2610.62
20.05.2009,2651.41
19.05.2009,2676.68
18.05.2009,2652.78
15.05.2009,2645.26
14.05.2009,2639.89
13.05.2009,2663.77
12.05.2009,2618.17
11.05.2009,2579.75
08.05.2009,2625.64
07.05.2009,2597.45
06.05.2009,2592.52
05.05.2009,2567.34
04.05.2009,2559.91
30.04.2009,2477.57
29.04.2009,2468.19
28.04.2009,2401.44
27.04.2009,2405.35
24.04.2009,2448.59
23.04.2009,2463.95
22.04.2009,2461.35
21.04.2009,2535.83
20.04.2009,2557.46
17.04.2009,2503.93
16.04.2009,2534.13
15.04.2009,2536.06
14.04.2009,2527.18
13.04.2009,2513.7
10.04.2009,2444.23
09.04.2009,2379.88
08.04.2009,2347.39
07.04.2009,2439.18
03.04.2009,2419.78
02.04.2009,2425.29
01.04.2009,2408.02
31.03.2009,2373.21
30.03.2009,2358.04
27.03.2009,2374.44
26.03.2009,2361.7
25.03.2009,2291.55
24.03.2009,2338.42
23.03.2009,2325.48
20.03.2009,2281.09
19.03.2009,2265.76
18.03.2009,2223.72
17.03.2009,2218.33
16.03.2009,2153.29
13.03.2009,2128.85
12.03.2009,2133.88
11.03.2009,2139.03
10.03.2009,2158.57
09.03.2009,2118.75
06.03.2009,2193.01
05.03.2009,2221.08
04.03.2009,2198.11
03.03.2009,2071.43
02.03.2009,2093.45
27.02.2009,2082.85
26.02.2009,2121.25
25.02.2009,2206.57
24.02.2009,2200.65
23.02.2009,2305.78
20.02.2009,2261.48
19.02.2009,2227.12
18.02.2009,2209.86
17.02.2009,2319.44
16.02.2009,2389.39
13.02.2009,2320.79
12.02.2009,2248.09
11.02.2009,2260.82
10.02.2009,2265.16
09.02.2009,2224.71
06.02.2009,2181.24
05.02.2009,2098.02
04.02.2009,2107.75
03.02.2009,2060.81
02.02.2009,2011.68
23.01.2009,1990.66
22.01.2009,2004.95
21.01.2009,1985.02
20.01.2009,1994.11
19.01.2009,1986.67
16.01.2009,1954.44
15.01.2009,1920.21
14.01.2009,1928.87
13.01.2009,1863.37
12.01.2009,1900.35
09.01.2009,1904.86
08.01.2009,1878.18
07.01.2009,1924.01
06.01.2009,1937.14
05.01.2009,1880.72
31.12.2008,1820.81
30.12.2008,1832.91
29.12.2008,1850.48
26.12.2008,1851.52
25.12.2008,1852.42
24.12.2008,1863.8
23.12.2008,1897.22
22.12.2008,1987.76
19.12.2008,2018.46
18.12.2008,2015.69
17.12.2008,1976.82
16.12.2008,1975.01
15.12.2008,1964.37
12.12.2008,1954.21
11.12.2008,2031.68
10.12.2008,2079.12
09.12.2008,2037.74
08.12.2008,2090.77
05.12.2008,2018.66
04.12.2008,2001.5
03.12.2008,1965.41
02.12.2008,1889.64
01.12.2008,1894.62
28.11.2008,1871.16
27.11.2008,1917.86
26.11.2008,1897.88
25.11.2008,1888.71
24.11.2008,1897.06
21.11.2008,1969.39
20.11.2008,1983.76
19.11.2008,2017.47
18.11.2008,1902.43
17.11.2008,2030.48
14.11.2008,1986.44
13.11.2008,1927.61
12.11.2008,1859.11
11.11.2008,1843.61
10.11.2008,1874.8
07.11.2008,1747.71
06.11.2008,1717.72
05.11.2008,1760.61
04.11.2008,1706.7
03.11.2008,1719.77
31.10.2008,1728.79
30.10.2008,1763.61
29.10.2008,1719.81
28.10.2008,1771.82
27.10.2008,1723.35
24.10.2008,1839.62
23.10.2008,1875.56
22.10.2008,1895.82
21.10.2008,1958.53
20.10.2008,1974.01
17.10.2008,1930.65
16.10.2008,1909.94
15.10.2008,1994.67
14.10.2008,2017.32
13.10.2008,2073.57
10.10.2008,2000.57
09.10.2008,2074.58
08.10.2008,2092.22
07.10.2008,2157.84
06.10.2008,2173.74
26.09.2008,2293.78
25.09.2008,2297.5
24.09.2008,2216.81
23.09.2008,2201.51
22.09.2008,2236.41
19.09.2008,2075.09
18.09.2008,1895.84
17.09.2008,1929.05
16.09.2008,1986.64
12.09.2008,2079.67
11.09.2008,2078.98
10.09.2008,2150.76
09.09.2008,2145.78
08.09.2008,2143.42
05.09.2008,2202.45
04.09.2008,2277.41
03.09.2008,2276.67
02.09.2008,2304.89
01.09.2008,2325.14
29.08.2008,2397.37
28.08.2008,2350.14
27.08.2008,2342.15
26.08.2008,2350.08
25.08.2008,2413.37
22.08.2008,2405.23
21.08.2008,2431.72
20.08.2008,2523.28
19.08.2008,2344.47
18.08.2008,2319.87
15.08.2008,2450.61
14.08.2008,2437.08
13.08.2008,2446.3
12.08.2008,2457.2
11.08.2008,2470.07
08.08.2008,2605.72
07.08.2008,2727.58
06.08.2008,2719.37
05.08.2008,2690.75
04.08.2008,2741.74
01.08.2008,2801.82
31.07.2008,2775.72
30.07.2008,2836.67
29.07.2008,2850.31
28.07.2008,2903.01
25.07.2008,2865.1
24.07.2008,2910.29
23.07.2008,2837.85
22.07.2008,2846.12
21.07.2008,2861.42
18.07.2008,2778.37
17.07.2008,2684.78
16.07.2008,2705.87
15.07.2008,2779.45
14.07.2008,2878.26
11.07.2008,2856.63
10.07.2008,2875.45
09.07.2008,2920.55
08.07.2008,2814.95
07.07.2008,2792.4
04.07.2008,2669.89
03.07.2008,2703.53
02.07.2008,2651.72
01.07.2008,2651.61
30.06.2008,2736.1
27.06.2008,2748.43
26.06.2008,2901.85
25.06.2008,2905.01
24.06.2008,2803.02
23.06.2008,2760.42
20.06.2008,2831.74
19.06.2008,2748.87
18.06.2008,2941.11
17.06.2008,2794.75
16.06.2008,2874.1
13.06.2008,2868.8
12.06.2008,2957.53
11.06.2008,3024.24
10.06.2008,3072.33
06.06.2008,3329.67
05.06.2008,3351.64
04.06.2008,3369.91
03.06.2008,3436.4
02.06.2008,3459.04
30.05.2008,3433.35
29.05.2008,3401.44
28.05.2008,3459.03
27.05.2008,3375.41
26.05.2008,3364.54
23.05.2008,3473.09
22.05.2008,3485.63
21.05.2008,3544.19
20.05.2008,3443.16
19.05.2008,3604.76
16.05.2008,3624.23
15.05.2008,3637.32
14.05.2008,3657.43
13.05.2008,3560.24
12.05.2008,3626.98
09.05.2008,3613.49
08.05.2008,3656.84
07.05.2008,3579.15
06.05.2008,3733.5
05.05.2008,3761.01
30.04.2008,3693.11
29.04.2008,3523.41
28.04.2008,3474.72
25.04.2008,3557.75
24.04.2008,3583.03
23.04.2008,3278.33
22.04.2008,3147.79
21.04.2008,3116.98
18.04.2008,3094.67
17.04.2008,3222.74
16.04.2008,3291.6
15.04.2008,3348.35
14.04.2008,3296.67
11.04.2008,3492.89
10.04.2008,3471.74
09.04.2008,3413.91
08.04.2008,3612.54
07.04.2008,3599.62
03.04.2008,3446.24
02.04.2008,3347.88
01.04.2008,3329.16
31.03.2008,3472.71
28.03.2008,3580.15
27.03.2008,3411.49
26.03.2008,3606.86
25.03.2008,3629.62
24.03.2008,3626.19
21.03.2008,3796.58
20.03.2008,3804.05
19.03.2008,3761.61
18.03.2008,3668.9
17.03.2008,3820.05
14.03.2008,3962.67
13.03.2008,3971.26
12.03.2008,4070.12
11.03.2008,4165.88
10.03.2008,4146.3
07.03.2008,4300.52
06.03.2008,4360.99
05.03.2008,4292.65
04.03.2008,4335.45
03.03.2008,4438.27
29.02.2008,4348.54
28.02.2008,4299.51
27.02.2008,4334.05
26.02.2008,4238.18
25.02.2008,4192.53
22.02.2008,4370.28
21.02.2008,4527.18
20.02.2008,4567.03
19.02.2008,4664.3
18.02.2008,4568.15
15.02.2008,4497.13
14.02.2008,4552.32
13.02.2008,4490.72
05.02.2008,4599.7
04.02.2008,4672.17
01.02.2008,4320.77
31.01.2008,4383.39
30.01.2008,4417.85
29.01.2008,4457.94
28.01.2008,4419.29
25.01.2008,4761.69
24.01.2008,4717.73
23.01.2008,4703.05
22.01.2008,4559.75
21.01.2008,4914.44
18.01.2008,5180.51
17.01.2008,5151.63
16.01.2008,5290.61
15.01.2008,5443.79
14.01.2008,5497.9
11.01.2008,5484.68
10.01.2008,5456.54
09.01.2008,5435.81
08.01.2008,5386.53
07.01.2008,5393.34
04.01.2008,5361.57
03.01.2008,5319.86
02.01.2008,5272.81
28.12.2007,5261.56
27.12.2007,5308.89
26.12.2007,5233.35
25.12.2007,5201.18
24.12.2007,5234.26
21.12.2007,5101.78
20.12.2007,5043.53
19.12.2007,4941.78
18.12.2007,4836.17
17.12.2007,4876.76
14.12.2007,5007.91
13.12.2007,4958.04
12.12.2007,5095.54
11.12.2007,5175.08
10.12.2007,5161.92
07.12.2007,5091.76
06.12.2007,5035.07
05.12.2007,5042.65
04.12.2007,4915.89
03.12.2007,4868.61
30.11.2007,4871.78
29.11.2007,5003.33
28.11.2007,4803.39
27.11.2007,4861.11
26.11.2007,4958.85
23.11.2007,5032.13
22.11.2007,4984.16
21.11.2007,5214.23
20.11.2007,5293.7
19.11.2007,5269.82
16.11.2007,5316.27
15.11.2007,5365.27
14.11.2007,5412.69
13.11.2007,5158.12
12.11.2007,5187.73
09.11.2007,5315.54
08.11.2007,5330.02
07.11.2007,5601.78
06.11.2007,5536.57
05.11.2007,5634.45
02.11.2007,5777.81
01.11.2007,5914.28
31.10.2007,5954.77
30.10.2007,5897.19
29.10.2007,5748
26.10.2007,5589.63
25.10.2007,5562.39
24.10.2007,5843.11
23.10.2007,5773.39
22.10.2007,5667.33
19.10.2007,5818.05
18.10.2007,5825.28
17.10.2007,6036.28
16.10.2007,6092.06
15.10.2007,6030.09
12.10.2007,5903.26
11.10.2007,5913.23
10.10.2007,5771.46
09.10.2007,5715.89
08.10.2007,5692.76
28.09.2007,5552.3
27.09.2007,5409.4
26.09.2007,5338.52
25.09.2007,5425.88
24.09.2007,5485.01
21.09.2007,5454.67
20.09.2007,5470.06
19.09.2007,5395.27
18.09.2007,5425.21
17.09.2007,5421.39
14.09.2007,5312.18
13.09.2007,5273.59
12.09.2007,5172.63
11.09.2007,5113.97
10.09.2007,5355.29
07.09.2007,5277.18
06.09.2007,5393.66
05.09.2007,5310.72
04.09.2007,5294.05
03.09.2007,5321.06
31.08.2007,5218.82
30.08.2007,5167.88
29.08.2007,5109.43
28.08.2007,5194.69
27.08.2007,5150.12
24.08.2007,5107.67
23.08.2007,5032.49
22.08.2007,4980.07
21.08.2007,4955.21
20.08.2007,4904.85
17.08.2007,4656.57
16.08.2007,4765.45
15.08.2007,4869.88
14.08.2007,4872.78
13.08.2007,4820.06
10.08.2007,4749.37
09.08.2007,4754.1
08.08.2007,4663.16
07.08.2007,4651.23
06.08.2007,4628.11
03.08.2007,4560.77
02.08.2007,4407.73
01.08.2007,4300.56
31.07.2007,4471.03
30.07.2007,4440.77
27.07.2007,4345.36
26.07.2007,4346.46
25.07.2007,4323.97
24.07.2007,4210.33
23.07.2007,4213.36
20.07.2007,4058.85
19.07.2007,3912.94
18.07.2007,3930.06
17.07.2007,3896.19
16.07.2007,3821.92
13.07.2007,3914.39
12.07.2007,3915.99
11.07.2007,3865.72
10.07.2007,3853.02
09.07.2007,3883.22
06.07.2007,3781.35
05.07.2007,3615.87
04.07.2007,3816.16
03.07.2007,3899.72
02.07.2007,3836.29
29.06.2007,3820.7
28.06.2007,3914.2
27.06.2007,4078.6
26.06.2007,3973.37
25.06.2007,3941.08
22.06.2007,4091.45
21.06.2007,4230.82
20.06.2007,4181.32
19.06.2007,4269.52
18.06.2007,4253.35
15.06.2007,4132.87
14.06.2007,4115.21
13.06.2007,4176.48
12.06.2007,4072.14
11.06.2007,3995.68
08.06.2007,3913.14
07.06.2007,3890.8
06.06.2007,3776.32
05.06.2007,3767.1
04.06.2007,3670.4
01.06.2007,4000.74
31.05.2007,4109.65
30.05.2007,4053.09
29.05.2007,4334.92
28.05.2007,4272.11
25.05.2007,4179.78
24.05.2007,4151.13
23.05.2007,4173.71
22.05.2007,4110.38
21.05.2007,4072.22
18.05.2007,4030.26
17.05.2007,4048.29
16.05.2007,3986.04
15.05.2007,3899.18
14.05.2007,4046.39
11.05.2007,4021.68
10.05.2007,4049.7
09.05.2007,4013.09
08.05.2007,3950.01
30.04.2007,3841.27
27.04.2007,3759.87
26.04.2007,3783.06
25.04.2007,3743.96
24.04.2007,3720.53
23.04.2007,3710.89
20.04.2007,3584.2
19.04.2007,3449.02
18.04.2007,3612.4
17.04.2007,3611.87
16.04.2007,3596.44
13.04.2007,3518.27
12.04.2007,3531.03
11.04.2007,3495.22
10.04.2007,3444.29
09.04.2007,3398.95
06.04.2007,3323.59
05.04.2007,3319.14
04.04.2007,3291.54
03.04.2007,3291.3
02.04.2007,3252.59
30.03.2007,3183.98
29.03.2007,3197.54
28.03.2007,3173.02
27.03.2007,3138.83
26.03.2007,3122.81
23.03.2007,3074.29
22.03.2007,3071.22
21.03.2007,3057.38
20.03.2007,3032.2
19.03.2007,3014.44
16.03.2007,2930.48
15.03.2007,2951.7
14.03.2007,2906.33
13.03.2007,2964.79
12.03.2007,2954.91
09.03.2007,2937.91
08.03.2007,2928.01
07.03.2007,2896.59
06.03.2007,2840.18
05.03.2007,2785.31
02.03.2007,2831.53
01.03.2007,2797.19
28.02.2007,2881.07
27.02.2007,2771.79
26.02.2007,3040.6
16.02.2007,2998.47
15.02.2007,2993.01
14.02.2007,2905.09
13.02.2007,2831.87
12.02.2007,2807.17
09.02.2007,2730.39
08.02.2007,2737.73
07.02.2007,2716.18
06.02.2007,2675.7
05.02.2007,2612.54
02.02.2007,2673.21
01.02.2007,2785.43
31.01.2007,2786.34
30.01.2007,2930.56
29.01.2007,2945.26
26.01.2007,2882.56
25.01.2007,2857.36
24.01.2007,2975.13
23.01.2007,2949.14
22.01.2007,2933.19
19.01.2007,2832.21
18.01.2007,2756.98
17.01.2007,2778.9
16.01.2007,2821.02
15.01.2007,2794.7
12.01.2007,2668.11
11.01.2007,2770.11
10.01.2007,2825.58
09.01.2007,2807.8
08.01.2007,2707.2
05.01.2007,2641.33
04.01.2007,2715.72
29.12.2006,2675.47
28.12.2006,2567.59
27.12.2006,2536.39
26.12.2006,2479.73
25.12.2006,2435.76
22.12.2006,2343.67
21.12.2006,2342.94
20.12.2006,2373.2
19.12.2006,2364.18
18.12.2006,2332.43
15.12.2006,2273.91
14.12.2006,2249.11
13.12.2006,2223.45
12.12.2006,2218.95
11.12.2006,2180.5
08.12.2006,2093.64
07.12.2006,2156.75
06.12.2006,2156.6
05.12.2006,2173.28
04.12.2006,2161.65
01.12.2006,2102.05
30.11.2006,2099.29
29.11.2006,2054.09
28.11.2006,2038.72
27.11.2006,2047.28
24.11.2006,2050.81
23.11.2006,2062.36
22.11.2006,2041.36
21.11.2006,2037.55
20.11.2006,2017.28
17.11.2006,1971.79
16.11.2006,1941.55
15.11.2006,1922.93
14.11.2006,1888.24
13.11.2006,1863.77
10.11.2006,1883.35
09.11.2006,1896.48
08.11.2006,1866.82
07.11.2006,1889.53
06.11.2006,1886.31
03.11.2006,1866.36
02.11.2006,1851.31
01.11.2006,1855.71
31.10.2006,1837.99
30.10.2006,1809.66
27.10.2006,1807.17
26.10.2006,1810.65
25.10.2006,1806.65
24.10.2006,1805.18
23.10.2006,1759.39
20.10.2006,1790.36
19.10.2006,1792.25
18.10.2006,1787.18
17.10.2006,1763.9
16.10.2006,1771.3
13.10.2006,1784.66
12.10.2006,1778.18
11.10.2006,1790.1
10.10.2006,1784.86
09.10.2006,1785.38
29.09.2006,1752.42
28.09.2006,1736.96
27.09.2006,1725.04
26.09.2006,1712.64
25.09.2006,1722.37
22.09.2006,1725.36
21.09.2006,1740.9
20.09.2006,1732.45
19.09.2006,1735.24
18.09.2006,1732.99
15.09.2006,1721.05
14.09.2006,1689.69
13.09.2006,1689.39
12.09.2006,1695.86
11.09.2006,1674.97
08.09.2006,1667.98
07.09.2006,1661.19
06.09.2006,1672.12
05.09.2006,1664.08
04.09.2006,1657.52
01.09.2006,1636.69
31.08.2006,1658.64
30.08.2006,1655.19
29.08.2006,1651.02
28.08.2006,1650.44
25.08.2006,1623.03
24.08.2006,1623.02
23.08.2006,1612.4
22.08.2006,1613.36
21.08.2006,1601.15
18.08.2006,1598.02
17.08.2006,1603.33
16.08.2006,1616.41
15.08.2006,1595.66
14.08.2006,1570.74
11.08.2006,1605.93
10.08.2006,1606.07
09.08.2006,1578.57
08.08.2006,1580.58
07.08.2006,1547.44
04.08.2006,1570.15
03.08.2006,1601.06
02.08.2006,1600.87
01.08.2006,1600.61
31.07.2006,1612.73
28.07.2006,1662.03
27.07.2006,1675.17
26.07.2006,1686.65
25.07.2006,1685.46
24.07.2006,1665.94
21.07.2006,1665.33
20.07.2006,1655.12
19.07.2006,1645.16
18.07.2006,1684.25
17.07.2006,1682.89
14.07.2006,1665.21
13.07.2006,1655.77
12.07.2006,1740
11.07.2006,1745.81
10.07.2006,1734.33
07.07.2006,1730.19
06.07.2006,1741.47
05.07.2006,1718.56
04.07.2006,1681.55
03.07.2006,1697.28
30.06.2006,1672.21
29.06.2006,1671.62
28.06.2006,1639.29
27.06.2006,1639.55
26.06.2006,1633.45
23.06.2006,1605.71
22.06.2006,1596.07
21.06.2006,1598.12
20.06.2006,1592.33
19.06.2006,1586.29
16.06.2006,1574.47
15.06.2006,1533.98
14.06.2006,1531.33
13.06.2006,1548.49
12.06.2006,1552.8
09.06.2006,1551.38
08.06.2006,1591.49
07.06.2006,1589.55
06.06.2006,1679.13
05.06.2006,1684.62
02.06.2006,1669.4
01.06.2006,1684.19
31.05.2006,1641.3
30.05.2006,1657.29
29.05.2006,1648.54
26.05.2006,1613.89
25.05.2006,1591.42
24.05.2006,1590.92
23.05.2006,1604.55
22.05.2006,1657.69
19.05.2006,1659.55
18.05.2006,1617.28
17.05.2006,1625.15
16.05.2006,1613.25
15.05.2006,1664.09
12.05.2006,1602.83
11.05.2006,1537.38
10.05.2006,1545.69
09.05.2006,1531.16
08.05.2006,1497.1
28.04.2006,1440.22
27.04.2006,1416.73
26.04.2006,1417.48
25.04.2006,1399.77
24.04.2006,1409.79
21.04.2006,1416.79
20.04.2006,1385.9
19.04.2006,1396.7
18.04.2006,1385.11
17.04.2006,1378.61
14.04.2006,1359.54
13.04.2006,1332.33
12.04.2006,1360.13
11.04.2006,1362.23
10.04.2006,1359.08
07.04.2006,1342.96
06.04.2006,1339.74
05.04.2006,1340.16
04.04.2006,1329.8
03.04.2006,1319.47
31.03.2006,1298.3
30.03.2006,1294.72
29.03.2006,1305.57
28.03.2006,1298.79
27.03.2006,1295.91
24.03.2006,1294.7
23.03.2006,1302.46
22.03.2006,1296.71
21.03.2006,1290.39
20.03.2006,1288.42
17.03.2006,1269.46
16.03.2006,1274.19
15.03.2006,1274.81
14.03.2006,1259.04
13.03.2006,1259.67
10.03.2006,1245.65
09.03.2006,1245.17
08.03.2006,1250.38
07.03.2006,1259.92
06.03.2006,1288.95
03.03.2006,1293.3
02.03.2006,1285.67
01.03.2006,1306.59
28.02.2006,1299.03
27.02.2006,1297.19
24.02.2006,1296.87
23.02.2006,1288.85
22.02.2006,1284.23
21.02.2006,1288.42
20.02.2006,1267.54
17.02.2006,1267.41
16.02.2006,1270.63
15.02.2006,1299.17
14.02.2006,1286.33
13.02.2006,1279.64
10.02.2006,1282.66
09.02.2006,1269.45
08.02.2006,1290.06
07.02.2006,1282.1
06.02.2006,1287.63
05.02.2006,1258.05
25.01.2006,1258.05
24.01.2006,1252.06
23.01.2006,1255.77
20.01.2006,1255.31
19.01.2006,1251.58
18.01.2006,1233.35
17.01.2006,1208.44
16.01.2006,1202.87
13.01.2006,1221.46
12.01.2006,1226.7
11.01.2006,1211.05
10.01.2006,1220.62
09.01.2006,1215.67
06.01.2006,1209.42
05.01.2006,1197.27
04.01.2006,1180.96
30.12.2005,1161.06
29.12.2005,1169.86
28.12.2005,1157.03
27.12.2005,1154.29
26.12.2005,1156.82
23.12.2005,1144.87
22.12.2005,1135.24
21.12.2005,1130.76
20.12.2005,1136.34
19.12.2005,1131.75
16.12.2005,1127.51
15.12.2005,1123.56
14.12.2005,1125.39
13.12.2005,1117.85
12.12.2005,1116.37
09.12.2005,1113.48
08.12.2005,1098.32
07.12.2005,1099.62
06.12.2005,1087.79
05.12.2005,1079.2
02.12.2005,1094.29
01.12.2005,1098.75
30.11.2005,1099.26
29.11.2005,1096.99
28.11.2005,1110.82
25.11.2005,1114.92
24.11.2005,1113.37
23.11.2005,1105.75
22.11.2005,1098.65
21.11.2005,1119.94
18.11.2005,1117
17.11.2005,1095.31
16.11.2005,1095.89
15.11.2005,1087.51
14.11.2005,1088.65
11.11.2005,1090.19
10.11.2005,1088.3
09.11.2005,1108.15
08.11.2005,1110.15
07.11.2005,1100.65
04.11.2005,1100.05
03.11.2005,1095.27
02.11.2005,1104.79
01.11.2005,1089.95
31.10.2005,1092.82
28.10.2005,1080.87
27.10.2005,1097.78
26.10.2005,1097.16
25.10.2005,1121.92
24.10.2005,1141.17
21.10.2005,1141.32
20.10.2005,1135.95
19.10.2005,1134.61
18.10.2005,1141.2
17.10.2005,1131.38
14.10.2005,1139.55
13.10.2005,1152.61
12.10.2005,1161.85
11.10.2005,1157.19
10.10.2005,1138.95
30.09.2005,1155.61
29.09.2005,1155.48
28.09.2005,1131.77
27.09.2005,1133.24
26.09.2005,1155.04
23.09.2005,1151.98
22.09.2005,1159.96
21.09.2005,1187.99
20.09.2005,1212.62
19.09.2005,1220.63
16.09.2005,1212.95
15.09.2005,1217.28
14.09.2005,1217.26
13.09.2005,1207.16
12.09.2005,1188.21
09.09.2005,1189.62
08.09.2005,1194.41
07.09.2005,1194.31
06.09.2005,1173.32
05.09.2005,1196.22
02.09.2005,1188.85
01.09.2005,1184.93
31.08.2005,1162.8
30.08.2005,1146.38
29.08.2005,1154.43
26.08.2005,1171.86
25.08.2005,1172.47
24.08.2005,1167.14
23.08.2005,1149.96
22.08.2005,1158.6
19.08.2005,1150.18
18.08.2005,1148.04
17.08.2005,1192.83
16.08.2005,1177.28
15.08.2005,1187.01
12.08.2005,1167.91
11.08.2005,1183.58
10.08.2005,1165.03
09.08.2005,1152.53
08.08.2005,1138.88
05.08.2005,1128.74
04.08.2005,1102.59
03.08.2005,1107.7
02.08.2005,1104.04
01.08.2005,1088.95
29.07.2005,1083.03
28.07.2005,1086.55
27.07.2005,1089.91
26.07.2005,1072.81
25.07.2005,1045.4
22.07.2005,1046.32
21.07.2005,1020.63
20.07.2005,1021.05
19.07.2005,1014.36
18.07.2005,1012.1
15.07.2005,1026.12
14.07.2005,1040.42
13.07.2005,1037.39
12.07.2005,1046.16
11.07.2005,1011.5
08.07.2005,1017.98
07.07.2005,1038.6
06.07.2005,1033.55
05.07.2005,1039.04
04.07.2005,1047.28
01.07.2005,1055.59
30.06.2005,1080.94
29.06.2005,1104.99
28.06.2005,1108.59
27.06.2005,1124.64
24.06.2005,1101.88
23.06.2005,1093.7
22.06.2005,1102.03
21.06.2005,1101.49
20.06.2005,1115.62
17.06.2005,1085.61
16.06.2005,1086.01
15.06.2005,1072.84
14.06.2005,1093.46
13.06.2005,1106.29
10.06.2005,1108.29
09.06.2005,1131.05
08.06.2005,1115.58
07.06.2005,1030.94
06.06.2005,1034.38
03.06.2005,1013.64
02.06.2005,1016.06
01.06.2005,1039.19
31.05.2005,1060.74
30.05.2005,1060.16
27.05.2005,1051.95
26.05.2005,1058.87
25.05.2005,1072.14
24.05.2005,1073.85
23.05.2005,1070.84
20.05.2005,1099.27
19.05.2005,1103.47
18.05.2005,1102.96
17.05.2005,1099.64
16.05.2005,1095.47
13.05.2005,1107.63
12.05.2005,1103.99
11.05.2005,1124.27
10.05.2005,1135.56
09.05.2005,1130.84
29.04.2005,1159.15
28.04.2005,1169.12
27.04.2005,1148.76
26.04.2005,1165.34
25.04.2005,1157.97
22.04.2005,1169.19
21.04.2005,1172.56
20.04.2005,1184.19
19.04.2005,1199.9
18.04.2005,1197.73
15.04.2005,1216.96
14.04.2005,1234.33
13.04.2005,1248.2
12.04.2005,1219.51
11.04.2005,1240.97
08.04.2005,1248.52
07.04.2005,1225.49
06.04.2005,1214.87
05.04.2005,1191.74
04.04.2005,1202.97
01.04.2005,1223.57
31.03.2005,1181.24
30.03.2005,1172.57
29.03.2005,1195.02
28.03.2005,1200.11
25.03.2005,1205.63
24.03.2005,1208.19
23.03.2005,1201.65
22.03.2005,1206.92
21.03.2005,1231.05
18.03.2005,1227.4
17.03.2005,1243.47
16.03.2005,1255.59
15.03.2005,1269.14
14.03.2005,1293.5
11.03.2005,1289.94
10.03.2005,1286.23
09.03.2005,1316.79
08.03.2005,1318.27
07.03.2005,1293.74
04.03.2005,1287.71
03.03.2005,1294.34
02.03.2005,1287.45
01.03.2005,1303.41
28.02.2005,1306
25.02.2005,1312.44
24.02.2005,1309.95
23.02.2005,1309.47
22.02.2005,1309.28
21.02.2005,1284.48
18.02.2005,1258.97
17.02.2005,1276.13
16.02.2005,1278.88
04.02.2005,1269
03.02.2005,1242.31
02.02.2005,1252.5
01.02.2005,1188.93
31.01.2005,1191.82
28.01.2005,1213.67
27.01.2005,1225.89
26.01.2005,1241.96
25.01.2005,1254.23
24.01.2005,1255.78
21.01.2005,1234.48
20.01.2005,1204.39
19.01.2005,1218.11
18.01.2005,1225.45
17.01.2005,1216.65
14.01.2005,1245.62
13.01.2005,1256.31
12.01.2005,1256.92
11.01.2005,1257.46
10.01.2005,1252.4
07.01.2005,1244.75
06.01.2005,1239.43
05.01.2005,1251.94
04.01.2005,1242.77
31.12.2004,1266.5
30.12.2004,1273.71
29.12.2004,1274.31
28.12.2004,1278.94
27.12.2004,1280.27
24.12.2004,1285.04
23.12.2004,1282.72
22.12.2004,1307.57
21.12.2004,1275.17
20.12.2004,1275.46
17.12.2004,1290.49
16.12.2004,1305.02
15.12.2004,1313.05
14.12.2004,1307.55
13.12.2004,1309.69
10.12.2004,1317.72
09.12.2004,1338.81
08.12.2004,1326.44
07.12.2004,1323.75
06.12.2004,1339.64
03.12.2004,1337.2
02.12.2004,1333.09
01.12.2004,1334.94
30.11.2004,1340.77
29.11.2004,1337.43
26.11.2004,1356.73
25.11.2004,1358.33
24.11.2004,1359.12
23.11.2004,1371.24
22.11.2004,1383.02
19.11.2004,1379.96
18.11.2004,1367.83
17.11.2004,1356.14
16.11.2004,1370.39
15.11.2004,1370.05
12.11.2004,1352.22
11.11.2004,1347.07
10.11.2004,1354.39
09.11.2004,1307.43
08.11.2004,1304.23
05.11.2004,1305.13
04.11.2004,1304.78
03.11.2004,1326.75
02.11.2004,1301.53
01.11.2004,1305.29
29.10.2004,1320.54
28.10.2004,1341.74
27.10.2004,1342.8
26.10.2004,1324.78
25.10.2004,1311.15
22.10.2004,1329.36
21.10.2004,1310.55
20.10.2004,1330.58
19.10.2004,1337.62
18.10.2004,1335.39
15.10.2004,1330.52
14.10.2004,1332.94
13.10.2004,1386.72
12.10.2004,1384.44
11.10.2004,1413.15
08.10.2004,1422.93
30.09.2004,1396.7
29.09.2004,1420.01
28.09.2004,1435.59
27.09.2004,1427.4
24.09.2004,1435.56
23.09.2004,1464.78
22.09.2004,1420.15
21.09.2004,1448.56
20.09.2004,1463.22
17.09.2004,1414.7
16.09.2004,1371.2
15.09.2004,1355.23
14.09.2004,1300.36
13.09.2004,1260.32
10.09.2004,1287.08
09.09.2004,1284.31
08.09.2004,1309.33
07.09.2004,1324.29
06.09.2004,1321.46
03.09.2004,1327.12
02.09.2004,1327.93
01.09.2004,1321.46
31.08.2004,1342.06
30.08.2004,1319.53
27.08.2004,1320.61
26.08.2004,1334.42
25.08.2004,1339.78
24.08.2004,1344.63
23.08.2004,1325.41
20.08.2004,1341.74
19.08.2004,1340.45
18.08.2004,1358.22
17.08.2004,1360.2
16.08.2004,1354.51
13.08.2004,1368.45
12.08.2004,1368.2
11.08.2004,1384.96
10.08.2004,1400.77
09.08.2004,1395.85
06.08.2004,1390.46
05.08.2004,1389.04
04.08.2004,1404.51
03.08.2004,1366.37
02.08.2004,1373.22
30.07.2004,1386.2
29.07.2004,1407.33
28.07.2004,1388.81
27.07.2004,1384.13
26.07.2004,1387.67
23.07.2004,1407.4
22.07.2004,1407.44
21.07.2004,1448.04
20.07.2004,1447.94
19.07.2004,1457.54
16.07.2004,1456.13
15.07.2004,1421.54
14.07.2004,1403.76
13.07.2004,1399.46
12.07.2004,1397.15
09.07.2004,1430.65
08.07.2004,1439.78
07.07.2004,1438.4
06.07.2004,1450.5
05.07.2004,1444.59
02.07.2004,1441.19
01.07.2004,1441.07
30.06.2004,1399.16
29.06.2004,1408.69
28.06.2004,1385.18
25.06.2004,1401.11
24.06.2004,1427.75
23.06.2004,1440.73
22.06.2004,1450.68
21.06.2004,1433.47
18.06.2004,1427.3
17.06.2004,1445.5
16.06.2004,1475.42
15.06.2004,1463.78
14.06.2004,1438.74
11.06.2004,1472.07
10.06.2004,1468.34
09.06.2004,1468.07
08.06.2004,1493.81
07.06.2004,1517.14
04.06.2004,1542.09
03.06.2004,1543.53
02.06.2004,1567.07
01.06.2004,1579.66
31.05.2004,1555.91
28.05.2004,1548.72
27.05.2004,1557.18
26.05.2004,1524.44
25.05.2004,1518.05
24.05.2004,1550.35
21.05.2004,1558.33
20.05.2004,1549.06
19.05.2004,1558.29
18.05.2004,1555.44
17.05.2004,1539.96
14.05.2004,1562.69
13.05.2004,1597.57
12.05.2004,1603.77
11.05.2004,1568.06
10.05.2004,1560.21
30.04.2004,1595.59
29.04.2004,1579.45
28.04.2004,1606.8
27.04.2004,1611.86
26.04.2004,1635.5
23.04.2004,1635.5
22.04.2004,1657.79
21.04.2004,1651.58
20.04.2004,1669.42
19.04.2004,1675.88
16.04.2004,1693.86
15.04.2004,1679.08
14.04.2004,1697.16
13.04.2004,1715.14
12.04.2004,1722.99
09.04.2004,1727.35
08.04.2004,1770.28
07.04.2004,1774.55
06.04.2004,1777.52
05.04.2004,1766.48
02.04.2004,1768.64
01.04.2004,1758.15
31.03.2004,1741.62
30.03.2004,1724.28
29.03.2004,1719.67
26.03.2004,1734.05
25.03.2004,1736.48
24.03.2004,1740.05
23.03.2004,1741.69
22.03.2004,1755.68
19.03.2004,1747.87
18.03.2004,1717.26
17.03.2004,1745.1
16.03.2004,1745.54
15.03.2004,1736.22
12.03.2004,1694.74
11.03.2004,1691.64
10.03.2004,1678.07
09.03.2004,1637.1
08.03.2004,1637.14
05.03.2004,1662.1
04.03.2004,1668.87
03.03.2004,1661.81
02.03.2004,1687.28
01.03.2004,1689.76
27.02.2004,1675.07
26.02.2004,1654.9
25.02.2004,1647.38
24.02.2004,1682.3
23.02.2004,1681.65
20.02.2004,1721.75
19.02.2004,1717.02
18.02.2004,1717.1
17.02.2004,1703.77
16.02.2004,1696.83
13.02.2004,1658.54
12.02.2004,1663.83
11.02.2004,1677.76
10.02.2004,1691.01
09.02.2004,1703.53
06.02.2004,1679.19
05.02.2004,1693.43
04.02.2004,1685.16
03.02.2004,1649.28
02.02.2004,1623.88
30.01.2004,1590.73
29.01.2004,1628.84
16.01.2004,1600.42
15.01.2004,1586.49
14.01.2004,1592.42
13.01.2004,1612.68
12.01.2004,1618.52
09.01.2004,1581.47
08.01.2004,1610.13
07.01.2004,1587.2
06.01.2004,1574.52
05.01.2004,1568.35
02.01.2004,1517.19
31.12.2003,1497.04
30.12.2003,1511.69
29.12.2003,1496.43
26.12.2003,1514.78
25.12.2003,1512.6
24.12.2003,1513.83
23.12.2003,1500.64
22.12.2003,1492.96
19.12.2003,1446.29
18.12.2003,1457.3
17.12.2003,1453.99
16.12.2003,1466.34
15.12.2003,1470.36
12.12.2003,1470.79
11.12.2003,1470.02
10.12.2003,1469.42
09.12.2003,1443.37
08.12.2003,1436.66
05.12.2003,1451.12
04.12.2003,1452.81
03.12.2003,1445.03
02.12.2003,1435.31
01.12.2003,1432.7
28.11.2003,1397.22
27.11.2003,1389.1
26.11.2003,1411.91
25.11.2003,1408.41
24.11.2003,1404.01
21.11.2003,1361.56
20.11.2003,1376.51
19.11.2003,1338.87
18.11.2003,1316.56
17.11.2003,1328.1
14.11.2003,1331.05
13.11.2003,1319.61
12.11.2003,1317.79
11.11.2003,1343.62
10.11.2003,1340.1
07.11.2003,1335.2
06.11.2003,1356.79
05.11.2003,1385.11
04.11.2003,1389.55
03.11.2003,1364.06
31.10.2003,1348.3
30.10.2003,1344.63
29.10.2003,1361.49
28.10.2003,1369.33
27.10.2003,1369.46
24.10.2003,1381.83
23.10.2003,1386.65
22.10.2003,1398.01
21.10.2003,1364.3
20.10.2003,1359.5
17.10.2003,1370.58
16.10.2003,1365.51
15.10.2003,1383.1
14.10.2003,1388.17
13.10.2003,1399.66
10.10.2003,1404.01
09.10.2003,1369.17
08.10.2003,1371.68
30.09.2003,1367.16
29.09.2003,1355.34
26.09.2003,1370.84
25.09.2003,1376.29
24.09.2003,1394.23
23.09.2003,1390.17
22.09.2003,1381.44
19.09.2003,1391.37
18.09.2003,1390.48
17.09.2003,1389.82
16.09.2003,1406.1
15.09.2003,1397.54
12.09.2003,1409.16
11.09.2003,1423.96
10.09.2003,1423.18
09.09.2003,1420.07
08.09.2003,1425.73
05.09.2003,1431.53
04.09.2003,1447.42
03.09.2003,1447.85
02.09.2003,1446.51
01.09.2003,1449.82
29.08.2003,1421.98
28.08.2003,1415.69
27.08.2003,1425.36
26.08.2003,1425.21
25.08.2003,1422.18
22.08.2003,1438.88
21.08.2003,1441.09
20.08.2003,1441.66
19.08.2003,1449.71
18.08.2003,1445.09
15.08.2003,1450.2
14.08.2003,1455.9
13.08.2003,1465.83
12.08.2003,1479.28
11.08.2003,1474.41
08.08.2003,1471.27
07.08.2003,1487.37
06.08.2003,1486.25
05.08.2003,1494.31
04.08.2003,1494.37
01.08.2003,1476.97
31.07.2003,1476.74
30.07.2003,1479.65
29.07.2003,1477.3
28.07.2003,1470.39
25.07.2003,1477.65
24.07.2003,1493.45
23.07.2003,1502.15
22.07.2003,1498.48
21.07.2003,1495.88
18.07.2003,1507.16
17.07.2003,1539.36
16.07.2003,1529.49
15.07.2003,1525.44
14.07.2003,1521.41
11.07.2003,1528.85
10.07.2003,1531.93
09.07.2003,1503.31
08.07.2003,1512.02
07.07.2003,1501.48
04.07.2003,1502.35
03.07.2003,1504.44
02.07.2003,1499.68
01.07.2003,1484.7
30.06.2003,1486.02
27.06.2003,1497.05
26.06.2003,1515.38
25.06.2003,1502.08
24.06.2003,1512.43
23.06.2003,1511.37
20.06.2003,1529.47
19.06.2003,1538.75
18.06.2003,1553.88
17.06.2003,1557.17
16.06.2003,1559.7
13.06.2003,1566.77
12.06.2003,1562.11
11.06.2003,1565.84
10.06.2003,1538.76
09.06.2003,1530.21
06.06.2003,1538.92
05.06.2003,1556.25
04.06.2003,1574.11
03.06.2003,1562.24
02.06.2003,1576.53
30.05.2003,1576.26
29.05.2003,1568.16
28.05.2003,1551.81
27.05.2003,1568.34
26.05.2003,1569.51
23.05.2003,1560.95
22.05.2003,1546.11
21.05.2003,1533.48
20.05.2003,1535.52
19.05.2003,1555.45
16.05.2003,1554.45
15.05.2003,1555.29
14.05.2003,1522.92
13.05.2003,1485.31
12.05.2003,1531.87
30.04.2003,1521.44
29.04.2003,1509.31
28.04.2003,1537.69
25.04.2003,1487.15
24.04.2003,1503.59
23.04.2003,1541.96
22.04.2003,1568.69
21.04.2003,1571.71
18.04.2003,1603.08
17.04.2003,1613.6
16.04.2003,1606.24
15.04.2003,1631.47
14.04.2003,1616.07
11.04.2003,1576.86
10.04.2003,1551.18
09.04.2003,1543.67
08.04.2003,1520.55
07.04.2003,1515.13
04.04.2003,1521.13
03.04.2003,1511.73
02.04.2003,1521.32
01.04.2003,1522.55
31.03.2003,1510.58
28.03.2003,1491.94
27.03.2003,1499.35
26.03.2003,1456.27
25.03.2003,1462.4
24.03.2003,1477.77
21.03.2003,1474.66
20.03.2003,1464.54
19.03.2003,1469.96
18.03.2003,1459.89
17.03.2003,1469.27
14.03.2003,1466.04
13.03.2003,1464.65
12.03.2003,1475.01
11.03.2003,1469.55
10.03.2003,1468.92
07.03.2003,1493.09
06.03.2003,1498.34
05.03.2003,1517.18
04.03.2003,1524.3
03.03.2003,1525.48
28.02.2003,1511.93
27.02.2003,1513.7
26.02.2003,1513.17
25.02.2003,1511.28
24.02.2003,1481.94
21.02.2003,1478.87
20.02.2003,1509.49
19.02.2003,1510.8
18.02.2003,1496.47
17.02.2003,1496.52
14.02.2003,1510.95
13.02.2003,1504.34
12.02.2003,1510.67
11.02.2003,1492.76
10.02.2003,1480.17
29.01.2003,1499.82
28.01.2003,1500.64
27.01.2003,1496.16
24.01.2003,1479.07
23.01.2003,1450.62
22.01.2003,1460.53
21.01.2003,1454.89
20.01.2003,1482.68
17.01.2003,1478.67
16.01.2003,1485.62
15.01.2003,1459.92
14.01.2003,1466.85
13.01.2003,1386.31
10.01.2003,1384.86
09.01.2003,1397.38
08.01.2003,1372.07
07.01.2003,1332.06
06.01.2003,1334.68
03.01.2003,1319.87
02.01.2003,1320.63
31.12.2002,1357.65
30.12.2002,1366.36
27.12.2002,1382.97
26.12.2002,1384.15
25.12.2002,1421.52
24.12.2002,1430.83
23.12.2002,1430.2
20.12.2002,1427.94
19.12.2002,1413.6
18.12.2002,1411.72
17.12.2002,1416.1
16.12.2002,1408.52
13.12.2002,1396.9
12.12.2002,1383.91
11.12.2002,1379.19
10.12.2002,1383.84
09.12.2002,1400.87
06.12.2002,1405.53
05.12.2002,1404.88
04.12.2002,1414.45
03.12.2002,1408.84
02.12.2002,1395.67
29.11.2002,1434.18
28.11.2002,1417.53
27.11.2002,1378.75
26.11.2002,1371.17
25.11.2002,1398.44
22.11.2002,1395.5
21.11.2002,1390.63
20.11.2002,1425.84
19.11.2002,1462.17
18.11.2002,1451.29
15.11.2002,1463.69
14.11.2002,1460.8
13.11.2002,1490.46
12.11.2002,1485.91
11.11.2002,1504.4
08.11.2002,1522.19
07.11.2002,1554.24
06.11.2002,1552.56
05.11.2002,1558.24
04.11.2002,1531.84
01.11.2002,1510.76
31.10.2002,1507.5
30.10.2002,1509.71
29.10.2002,1510.88
28.10.2002,1502.72
25.10.2002,1520.31
24.10.2002,1536.52
23.10.2002,1548.96
22.10.2002,1548.1
21.10.2002,1524.92
18.10.2002,1519.54
17.10.2002,1513.1
16.10.2002,1537.39
15.10.2002,1524.73
14.10.2002,1531.68
11.10.2002,1524.05
10.10.2002,1530.41
09.10.2002,1535.37
08.10.2002,1562.99
27.09.2002,1581.62
26.09.2002,1587.65
25.09.2002,1597.84
24.09.2002,1596.73
23.09.2002,1602.59
20.09.2002,1604.91
19.09.2002,1619.35
18.09.2002,1594.58
17.09.2002,1604.88
16.09.2002,1604.08
13.09.2002,1625.76
12.09.2002,1624.56
11.09.2002,1620.36
10.09.2002,1625.11
09.09.2002,1621.58
06.09.2002,1631.38
05.09.2002,1641.81
04.09.2002,1663.97
03.09.2002,1674.07
02.09.2002,1668.77
30.08.2002,1666.62
29.08.2002,1667.32
28.08.2002,1676.77
27.08.2002,1679.69
26.08.2002,1670.68
23.08.2002,1683.21
22.08.2002,1686.11
21.08.2002,1673.55
20.08.2002,1671.35
19.08.2002,1644.3
16.08.2002,1646.79
15.08.2002,1634.37
14.08.2002,1646.72
13.08.2002,1636.63
12.08.2002,1634.57
09.08.2002,1647.05
08.08.2002,1659.8
07.08.2002,1668.07
06.08.2002,1670.62
05.08.2002,1653.96
02.08.2002,1661.87
01.08.2002,1653.01
31.07.2002,1651.59
30.07.2002,1669
29.07.2002,1665.67
26.07.2002,1657.5
25.07.2002,1665.11
24.07.2002,1672.4
23.07.2002,1673.86
22.07.2002,1681.01
19.07.2002,1713.86
18.07.2002,1704.91
17.07.2002,1701.72
16.07.2002,1691.62
15.07.2002,1687.94
12.07.2002,1698.3
11.07.2002,1696.94
10.07.2002,1701.82
09.07.2002,1729.99
08.07.2002,1732.93
05.07.2002,1722.19
04.07.2002,1713.13
03.07.2002,1730.92
02.07.2002,1724.95
01.07.2002,1713.7
28.06.2002,1732.76
27.06.2002,1723.55
26.06.2002,1712.91
25.06.2002,1706.59
24.06.2002,1707.31
21.06.2002,1562.72
20.06.2002,1516.15
19.06.2002,1507.67
18.06.2002,1524.07
17.06.2002,1496.24
14.06.2002,1494.25
13.06.2002,1511.71
12.06.2002,1524.84
11.06.2002,1530.96
10.06.2002,1517.23
07.06.2002,1529.51
06.06.2002,1521.26
05.06.2002,1462
04.06.2002,1490.51
03.06.2002,1483.35
31.05.2002,1515.73
30.05.2002,1523.52
29.05.2002,1524.81
28.05.2002,1558.52
27.05.2002,1555.05
24.05.2002,1549.47
23.05.2002,1571.61
22.05.2002,1564.49
21.05.2002,1588.11
20.05.2002,1541.53
17.05.2002,1567.5
16.05.2002,1549.5
15.05.2002,1598.35
14.05.2002,1616.23
13.05.2002,1623.94
10.05.2002,1638.2
09.05.2002,1650.58
08.05.2002,1652.37
30.04.2002,1667.75
29.04.2002,1665.81
26.04.2002,1640.59
25.04.2002,1615.92
24.04.2002,1611.05
23.04.2002,1624.55
22.04.2002,1627.48
19.04.2002,1635.17
18.04.2002,1628.14
17.04.2002,1644.39
16.04.2002,1640.29
15.04.2002,1649.5
12.04.2002,1658.98
11.04.2002,1649.53
10.04.2002,1677.66
09.04.2002,1667.52
08.04.2002,1640.65
05.04.2002,1634.64
04.04.2002,1641.7
03.04.2002,1594.51
02.04.2002,1582.88
01.04.2002,1608.51
29.03.2002,1603.9
28.03.2002,1650.67
27.03.2002,1654.23
26.03.2002,1649.48
25.03.2002,1675.29
22.03.2002,1669.69
21.03.2002,1685.02
20.03.2002,1682.51
19.03.2002,1665.36
18.03.2002,1623.88
15.03.2002,1620.98
14.03.2002,1665.15
13.03.2002,1623.43
12.03.2002,1643.69
11.03.2002,1664.09
08.03.2002,1640.26
07.03.2002,1613
06.03.2002,1569.21
05.03.2002,1560.08
04.03.2002,1526.8
01.03.2002,1502.54
28.02.2002,1524.7
27.02.2002,1538.32
26.02.2002,1531.43
25.02.2002,1530.28
08.02.2002,1506.62
07.02.2002,1515.39
06.02.2002,1485.8
05.02.2002,1518.28
04.02.2002,1511.33
01.02.2002,1485.77
31.01.2002,1491.66
30.01.2002,1396.61
29.01.2002,1392.78
28.01.2002,1359.55
25.01.2002,1451.48
24.01.2002,1456.4
23.01.2002,1444.96
22.01.2002,1358.69
21.01.2002,1366.97
18.01.2002,1415.44
17.01.2002,1419.52
16.01.2002,1479.62
15.01.2002,1459.65
14.01.2002,1485.11
11.01.2002,1535.59
10.01.2002,1576.44
09.01.2002,1561.35
08.01.2002,1583.46
07.01.2002,1596.76
04.01.2002,1611.39
31.12.2001,1645.97
28.12.2001,1639.48
27.12.2001,1627.92
26.12.2001,1633.64
25.12.2001,1611.17
24.12.2001,1606.1
21.12.2001,1640.14
20.12.2001,1631.54
19.12.2001,1672.7
18.12.2001,1687.29
17.12.2001,1665.94
14.12.2001,1675.51
13.12.2001,1688.01
12.12.2001,1715.17
11.12.2001,1728.88
10.12.2001,1748.68
07.12.2001,1745.41
06.12.2001,1751.18
05.12.2001,1745.23
04.12.2001,1769.68
03.12.2001,1762.56
30.11.2001,1747.99
29.11.2001,1732.3
28.11.2001,1735
27.11.2001,1722.59
26.11.2001,1705.88
23.11.2001,1712.56
22.11.2001,1715.81
21.11.2001,1705.66
20.11.2001,1699.73
19.11.2001,1669.89
16.11.2001,1646.76
15.11.2001,1621.34
14.11.2001,1617.1
13.11.2001,1615.93
12.11.2001,1621.19
09.11.2001,1630.36
08.11.2001,1605.87
07.11.2001,1594.05
06.11.2001,1671.28
05.11.2001,1679.57
02.11.2001,1691.35
01.11.2001,1707.75
31.10.2001,1689.17
30.10.2001,1682.77
29.10.2001,1700.48
26.10.2001,1677.88
25.10.2001,1676.5
24.10.2001,1718.06
23.10.2001,1670.56
22.10.2001,1520.67
19.10.2001,1572.45
18.10.2001,1615.58
17.10.2001,1643.07
16.10.2001,1655.9
15.10.2001,1687.28
12.10.2001,1691.33
11.10.2001,1638.33
10.10.2001,1686.61
09.10.2001,1744.64
08.10.2001,1726.53
28.09.2001,1764.87
27.09.2001,1764.93
26.09.2001,1767.81
25.09.2001,1793.88
24.09.2001,1794.96
21.09.2001,1807.02
20.09.2001,1818.42
19.09.2001,1822.69
18.09.2001,1798.62
17.09.2001,1784.61
14.09.2001,1818.38
13.09.2001,1839.91
12.09.2001,1852.6
11.09.2001,1863.78
10.09.2001,1856.53
07.09.2001,1808.84
06.09.2001,1861.56
05.09.2001,1868.27
04.09.2001,1862.36
03.09.2001,1817.19
31.08.2001,1834.14
30.08.2001,1839.63
29.08.2001,1847.54
28.08.2001,1843.38
27.08.2001,1827.25
24.08.2001,1886.8
23.08.2001,1902.99
22.08.2001,1903.45
21.08.2001,1938.87
20.08.2001,1934.49
17.08.2001,1924
16.08.2001,1919.64
15.08.2001,1947.36
14.08.2001,1939.54
13.08.2001,1955.1
10.08.2001,1955.04
09.08.2001,1924.59
08.08.2001,1895.17
07.08.2001,1903.93
06.08.2001,1882.13
03.08.2001,1958.69
02.08.2001,1957.02
01.08.2001,1986.93
31.07.2001,1920.32
30.07.2001,1956.82
27.07.2001,2065.73
26.07.2001,2094.01
25.07.2001,2112.26
24.07.2001,2136.45
23.07.2001,2169.01
20.07.2001,2179.62
19.07.2001,2150.26
18.07.2001,2146.54
17.07.2001,2140.98
16.07.2001,2146.24
13.07.2001,2161.34
12.07.2001,2165.49
11.07.2001,2168.74
10.07.2001,2189.78
09.07.2001,2169.66
06.07.2001,2170.52
05.07.2001,2181.66
04.07.2001,2202.06
03.07.2001,2211.83
02.07.2001,2205.99
29.06.2001,2218.03
28.06.2001,2219.25
27.06.2001,2229.83
26.06.2001,2233.59
25.06.2001,2230.2
22.06.2001,2206.07
21.06.2001,2189.14
20.06.2001,2163.12
19.06.2001,2170.45
18.06.2001,2167.65
15.06.2001,2210.97
14.06.2001,2202.4
13.06.2001,2242.42
12.06.2001,2222.96
11.06.2001,2214.62
08.06.2001,2223.07
07.06.2001,2229.81
06.06.2001,2238.5
05.06.2001,2234.99
04.06.2001,2226.78
01.06.2001,2219.59
31.05.2001,2214.26
30.05.2001,2211.2
29.05.2001,2180.28
28.05.2001,2179.7
25.05.2001,2193.58
24.05.2001,2198.3
23.05.2001,2197.59
22.05.2001,2210.34
21.05.2001,2213.59
18.05.2001,2203.37
17.05.2001,2194.65
16.05.2001,2199.51
15.05.2001,2191.06
14.05.2001,2178.47
11.05.2001,2155.41
10.05.2001,2147.28
09.05.2001,2132.89
08.05.2001,2137.99
30.04.2001,2119.18
27.04.2001,2115.11
26.04.2001,2105.06
25.04.2001,2119.18
24.04.2001,2166.17
23.04.2001,2150.43
20.04.2001,2152.34
19.04.2001,2172.87
18.04.2001,2172.56
17.04.2001,2176.68
16.04.2001,2168.06
13.04.2001,2145.4
12.04.2001,2134.8
11.04.2001,2131.4
10.04.2001,2128.48
09.04.2001,2117.37
06.04.2001,2108.61
05.04.2001,2112.6
04.04.2001,2090.72
03.04.2001,2123.05
02.04.2001,2125.08
30.03.2001,2112.78
29.03.2001,2101.66
28.03.2001,2106.87
27.03.2001,2107.26
26.03.2001,2089.88
23.03.2001,2053.54
22.03.2001,2087.53
21.03.2001,2066.39
20.03.2001,2045.79
19.03.2001,2036.62
16.03.2001,2020.24
15.03.2001,2022.6
14.03.2001,2018.62
13.03.2001,1998.7
12.03.2001,2012.55
09.03.2001,2011.66
08.03.2001,2000.9
07.03.2001,1991.18
06.03.2001,1990.06
05.03.2001,1984.2
02.03.2001,1985.11
01.03.2001,1965.12
28.02.2001,1959.18
27.02.2001,1962.04
26.02.2001,1954.69
23.02.2001,1936.35
22.02.2001,1907.26
21.02.2001,1909.33
20.02.2001,1953.22
19.02.2001,1967.55
16.02.2001,1941.96
15.02.2001,1946.48
14.02.2001,1963.2
13.02.2001,1963.53
12.02.2001,1961.22
09.02.2001,1956.97
08.02.2001,1930.14
07.02.2001,1979.94
06.02.2001,1995.32
05.02.2001,2008.03
19.01.2001,2065.61
18.01.2001,2043.11
17.01.2001,2034.58
16.01.2001,2045.89
15.01.2001,2032.44
12.01.2001,2104.75
11.01.2001,2119.14
10.01.2001,2125.61
09.01.2001,2101.14
08.01.2001,2102.06
05.01.2001,2125.3
04.01.2001,2117.41
03.01.2001,2123.9
02.01.2001,2103.47
29.12.2000,2073.48
28.12.2000,2053.7
27.12.2000,2058.24